run_id,video_id,frame_idx,track_id,cls_id,cx_norm,cy_norm,h_norm,area_norm,aspect_ratio,conf,queue_len,area_growth_k,h_growth_k,dx_k,dy_k,ema_dx,ema_dy,ema_area_growth,ema_h_growth,mean_conf_ema,dist_to_center,slope_h,slope_cy,slope_dist_to_center,frac_positive_h_growth,frac_toward_center,std_cx,std_delta_h,label
0a96b25258b0,cyclar_data_5,486.0,102.0,7.0,0.49921875,0.6620370370370371,0.4759259259259259,0.16285590277777778,1.2782101167315174,0.4060148894786834,1.0,0.0,0.0,0.0,0.0,0.0,0.0,0.0,0.0,0.4060148894786834,0.0007812500000000111,0.0,0.0,0.0,0.0,0.0,0.0,0.0,1.0
0a96b25258b0,cyclar_data_5,510.0,81.0,7.0,0.4817708333333333,0.6773148148148148,0.18796296296296297,0.030935570987654322,1.5566502463054188,0.8520956635475159,1.0,0.0,0.0,0.0,0.0,0.0,0.0,0.0,0.0,0.8520956635475159,0.018229166666666685,0.0,0.0,0.0,0.0,0.0,0.0,0.0,0.0
0a96b25258b0,cyclar_data_5,516.0,81.0,7.0,0.5317708333333333,0.649537037037037,0.22685185185185186,0.046315586419753085,1.6,0.8263821005821228,4.0,0.4971628109995635,0.20689655172413793,96.0,-30.0,14.903999999999996,-6.434999999999999,0.08263282581601916,0.037638379115526976,0.8238938055634497,0.031770833333333304,13.7,-10.15,0.004401041567325592,1.0,0.0,40.0443115234375,5.715476036071777,0.0
0a96b25258b0,cyclar_data_5,522.0,81.0,7.0,0.5533854166666666,0.5944444444444444,0.35,0.08440104166666666,1.2248677248677249,0.5167441368103027,10.0,1.7282845918812746,0.8620689655172413,137.5,-89.5,8.421534695999998,-14.967507314999999,0.15628944428143207,0.1255401796829947,0.6619736627694196,0.05338541666666663,13.50909090909091,-7.451515151515151,0.003475378498886571,1.0,0.0,36.271060943603516,28.756105422973633,0.0
0a96b25258b0,cyclar_data_5,570.0,134.0,7.0,0.5705729166666667,0.4449074074074074,0.5138888888888888,0.1003689236111111,0.6756756756756757,0.8514487743377686,1.0,0.0,0.0,0.0,0.0,0.0,0.0,0.0,0.0,0.8514487743377686,0.07057291666666665,0.0,0.0,0.0,0.0,0.0,0.0,0.0,0.0
0a96b25258b0,cyclar_data_5,744.0,191.0,2.0,0.59921875,0.5861111111111111,0.20185185185185187,0.030382908950617283,1.3256880733944953,0.7697514891624451,3.0,-0.1690144560514931,-0.102880658436214,11.5,20.5,3.0,5.79,-0.04960973792861736,-0.031332829428067525,0.6993496024608612,0.09921875000000002,-12.5,10.25,0.0029947906732559204,0.5,0.0,4.708148956298828,14.5,0.0
0a96b25258b0,cyclar_data_5,750.0,191.0,2.0,0.6268229166666667,0.5541666666666667,0.20462962962962963,0.019716917438271604,0.8371040723981901,0.4607710540294647,9.0,-0.46073388203017834,-0.09053497942386832,64.5,-14.0,9.460961999999999,-2.838860789999999,-0.0945321361648245,-0.01569231102581573,0.5843627990884577,0.12682291666666667,-2.2666666666666666,-3.2,0.004084201653798422,0.375,0.0,20.491342544555664,15.32767105102539,0.0
0a96b25258b0,cyclar_data_5,792.0,199.0,5.0,0.6153645833333333,0.5694444444444444,0.22407407407407406,0.025791859567901233,0.9132231404958677,0.4619330465793609,4.0,0.2127437641723356,0.1523809523809524,-8.5,26.0,-2.019,4.9334999999999996,0.04358750707654716,0.03030935143288084,0.5382271404862402,0.11536458333333333,10.9,8.35,-0.0014583326876163483,1.0,1.0,3.1721444129943848,2.054804563522339,0.0
0a96b25258b0,cyclar_data_5,834.0,151.0,2.0,0.6002604166666666,0.5810185185185185,0.19166666666666668,0.02865017361111111,1.3864734299516908,0.6770519018173218,1.0,0.0,0.0,0.0,0.0,0.0,0.0,0.0,0.0,0.6770519018173218,0.10026041666666663,0.0,0.0,0.0,0.0,0.0,0.0,0.0,0.0
0a96b25258b0,cyclar_data_5,840.0,151.0,2.0,0.615625,0.5717592592592593,0.23055555555555557,0.02737847222222222,0.9156626506024096,0.6552920341491699,6.0,-0.04438721405847599,0.2028985507246377,29.5,-10.0,4.791629999999999,-0.5776499999999997,-0.023527702471095258,0.014588638456007127,0.6471228589665889,0.11562499999999998,8.028571428571428,-1.4428571428571428,0.003147321939468384,0.6,0.0,10.349785804748535,10.248902320861816,0.0
0a96b25258b0,cyclar_data_5,936.0,240.0,2.0,0.6393229166666666,0.7416666666666667,0.3111111111111111,0.021550925925925925,0.3958333333333333,0.7934454083442688,1.0,0.0,0.0,0.0,0.0,0.0,0.0,0.0,0.0,0.7934454083442688,0.13932291666666663,0.0,0.0,0.0,0.0,0.0,0.0,0.0,1.0
0a96b25258b0,cyclar_data_5,942.0,240.0,2.0,0.609375,0.6425925925925926,0.39444444444444443,0.051359953703703706,0.5868544600938967,0.7783139944076538,7.0,1.3831901181525241,0.26785714285714285,-57.5,-107.0,-7.653974999999999,-14.049788999999997,0.10556303395563761,0.02219652463253529,0.7563329241720437,0.109375,19.5,-21.178571428571427,-0.0051711318748337886,0.6666666666666666,1.0,19.963741302490234,27.549955368041992,0.0
0a96b25258b0,cyclar_data_5,948.0,240.0,2.0,0.5895833333333333,0.6648148148148149,0.4222222222222222,0.07037037037037037,0.7017543859649122,0.5982151031494141,13.0,2.2653061224489797,0.35714285714285715,-95.5,-83.0,-6.611893004774998,3.705998373939001,0.06930373612717382,0.022666352633073136,0.7400574902143674,0.08958333333333335,8.060438889723558,-7.96978021978022,-0.004035027472527473,0.5833333333333334,1.0,29.25550651550293,21.8136043548584,0.0
0a96b25258b0,cyclar_data_5,954.0,240.0,2.0,0.5755208333333334,0.6736111111111112,0.4083333333333333,0.080390625,0.8571428571428571,0.9020949602127076,19.0,2.7302631578947367,0.3125,-122.5,-73.5,-4.3946676001187726,4.152716002695549,0.03954590408680678,0.011544041389686462,0.8516217007435234,0.07552083333333337,3.719297817297149,-3.2070175438596493,-0.003477247765189723,0.5555555555555556,1.0,36.98232650756836,20.067249298095703,0.0
0a96b25258b0,cyclar_data_5,960.0,240.0,2.0,0.5625,0.6569444444444444,0.3712962962962963,0.08276813271604938,1.0673316708229426,0.8981825113296509,24.0,2.299269511726259,0.17941176470588235,-137.5,-87.5,-4.051853248486372,-2.8344981149988713,0.0016899253148213713,-0.01904679674740776,0.8940723841818896,0.0625,1.498695652173913,-1.0041304347826088,-0.00295821998430335,0.4782608695652174,1.0,39.802635192871094,19.418970108032227,0.0
0a96b25258b0,cyclar_data_5,966.0,240.0,2.0,0.54453125,0.674537037037037,0.2490740740740741,0.05798755787037037,1.661710037174721,0.914767861366272,24.0,0.10013906933338212,-0.36255924170616116,-119.0,32.5,-6.067455982831173,3.0408341312684977,-0.02808189387507859,-0.03159936985615021,0.9120266526954623,0.04453125000000002,-6.763913043478261,0.9158695652173913,-0.002491847743158755,0.391304347826087,1.0,33.24091339111328,17.506790161132812,0.0
0a96b25258b0,cyclar_data_5,972.0,240.0,2.0,0.5190104166666667,0.6365740740740741,0.19722222222222222,0.03831452546296296,1.7511737089201878,0.9163383841514589,24.0,-0.45113711727644523,-0.5114678899082569,-130.5,-24.5,-6.754844628924103,-3.1310149052903915,-0.056289547217176064,-0.029498266543925636,0.9200278403599698,0.019010416666666696,-12.000434782608696,-0.9502173913043478,-0.0028951541237209155,0.2608695652173913,1.0,39.08481979370117,15.040335655212402,0.0
0a96b25258b0,cyclar_data_5,1104.0,269.0,2.0,0.6244791666666667,0.674074074074074,0.40185185185185185,0.03683641975308642,0.4055299539170507,0.6817560195922852,3.0,0.6981014628073452,0.14814814814814814,-35.5,-45.0,-9.39,-13.184999999999999,0.1755240487334543,0.04949010654490107,0.6759468078613281,0.1244791666666667,28.0,-22.5,-0.009244788438081741,0.5,1.0,14.600228309631348,41.0,0.0
0a96b25258b0,cyclar_data_5,1110.0,269.0,2.0,0.5583333333333333,0.6699074074074074,0.43796296296296294,0.10219135802469136,0.9471458773784355,0.9077673554420472,9.0,3.7108621226268284,0.25132275132275134,-162.5,-49.5,-15.334172609999996,-1.4265205649999992,0.14298851264774962,0.00972933669685558,0.8460655401749848,0.05833333333333335,13.866666666666667,-5.566666666666666,-0.011801215012868245,0.625,1.0,59.144100189208984,23.750986099243164,0.0
0a96b25258b0,cyclar_data_5,1116.0,269.0,2.0,0.5341145833333333,0.7407407407407407,0.31851851851851853,0.08974922839506173,1.572674418604651,0.8272271752357483,15.0,3.1372993641901203,-0.08994708994708994,-209.0,27.0,-9.466011073393888,10.549191282048312,-0.001022715017547038,-0.04584714403217983,0.8674830549268625,0.03411458333333328,-2.914285714285714,3.117857142857143,-0.007783668381827218,0.35714285714285715,1.0,67.40931701660156,25.828319549560547,0.0
0a96b25258b0,cyclar_data_5,1122.0,269.0,2.0,0.49635416666666665,0.7361111111111112,0.32222222222222224,0.10640046296296296,1.8218390804597702,0.9304088354110718,21.0,3.9048952914499133,-0.07936507936507936,-281.5,22.0,-14.715930736773718,1.1175033051417014,0.02422974812258486,-0.0019419728577479973,0.9015538199267004,0.003645833333333348,-5.779220779220779,3.916883116883117,-0.006399485972020533,0.45,1.0,78.14112091064453,22.397544860839844,0.0
0a96b25258b0,cyclar_data_5,1128.0,269.0,2.0,0.4283854166666667,0.7296296296296296,0.2759259259259259,0.07573591820987655,1.7684563758389262,0.9209464192390442,24.0,0.6204509105917556,-0.34505494505494505,-353.0,73.5,-17.916950535250685,-4.319484353653384,-0.05461972797134877,-0.025976931261175118,0.9231160260895257,0.07161458333333331,-8.321739130434782,4.450434782608696,-0.002004642279251762,0.30434782608695654,0.7391304347826086,94.6507797241211,13.363324165344238,0.0
0a96b25258b0,cyclar_data_5,1134.0,269.0,2.0,0.41354166666666664,0.7185185185185186,0.22037037037037038,0.048206018518518516,1.7647058823529411,0.9319313764572144,24.0,-0.540582774152036,-0.49682875264270615,-272.0,52.5,-4.675957813521706,-1.1697415147229664,-0.06874360118053745,-0.033558571541329595,0.9296149244901186,0.08645833333333336,-7.6173913043478265,0.6899998938519022,0.0022963088491688606,0.17391304347826086,0.4782608695652174,100.681640625,11.680368423461914,0.0
0a96b25258b0,cyclar_data_5,1140.0,281.0,2.0,0.6330729166666667,0.7125,0.3712962962962963,0.029974440586419755,0.3865336658354115,0.4618228673934936,2.0,0.3189389920424403,0.0636604774535809,-17.0,-9.0,-5.1,-2.6999999999999997,0.09568169761273208,0.01909814323607427,0.6545203268527984,0.13307291666666665,24.0,-9.0,-0.00885416567325592,1.0,1.0,8.5,0.0,0.0
0a96b25258b0,cyclar_data_5,1146.0,281.0,2.0,0.571875,0.675,0.4462962962962963,0.08786458333333333,0.7842323651452282,0.9247968792915344,7.0,2.866228116710875,0.27851458885941643,-134.5,-49.5,-14.113811999999998,-3.685778999999999,0.15698817375962054,0.018170786307029032,0.8507712323637602,0.07187500000000002,17.642857142857142,-8.5,-0.011848957410880498,0.8333333333333334,1.0,49.61772155761719,24.081459045410156,0.0
0a96b25258b0,cyclar_data_5,1152.0,281.0,2.0,0.5471354166666667,0.675,0.4425925925925926,0.11133969907407408,1.0104602510460252,0.9150614142417908,13.0,3.8991830238726792,0.26790450928381965,-182.0,-49.5,-8.906725367987999,-0.3271582135709998,0.056386274457457045,0.0028862894671688923,0.908741985469731,0.04713541666666665,5.373626373626373,-2.9945054945054945,-0.006859546179299826,0.5,1.0,53.704124450683594,19.384092330932617,0.0
0a96b25258b0,cyclar_data_5,1158.0,281.0,2.0,0.5270833333333333,0.6819444444444445,0.425,0.12484375,1.2287581699346406,0.9143696427345276,19.0,4.493389920424403,0.21750663129973474,-220.5,-42.0,-6.3701058328184175,-0.8884003366684143,0.030955029460352654,0.0036263860927761796,0.9076579539831461,0.027083333333333348,1.1245616176672149,-0.7552631578947369,-0.005360471574883712,0.5,1.0,60.12428665161133,20.99264907836914,0.0
0a96b25258b0,cyclar_data_5,1164.0,281.0,2.0,0.51171875,0.7199074074074074,0.36018518518518516,0.11649739583333334,1.5964010282776349,0.841935396194458,24.0,2.88655779905076,-0.029925187032418952,-233.0,8.0,-4.8529175811252525,7.012808088791297,-0.012549319914753195,-0.02891119191889984,0.860693961158611,0.01171875,-2.0765217391304347,1.0178260869565217,-0.004105412027110224,0.43478260869565216,1.0,56.9032096862793,21.26616096496582,0.0
0a96b25258b0,cyclar_data_5,1170.0,281.0,2.0,0.4791666666666667,0.7226851851851852,0.30092592592592593,0.08338155864197531,1.636923076923077,0.9214501976966858,24.0,-0.07014015122995343,-0.3200836820083682,-173.5,51.5,-11.407438900501804,0.1092258588382069,-0.06067937153334661,-0.03554892939638981,0.909478953029319,0.020833333333333315,-6.47,2.957608695652174,-0.0026813855378524116,0.2608695652173913,0.8695652173913043,46.12308120727539,15.403580665588379,0.0
0a96b25258b0,cyclar_data_5,1176.0,281.0,2.0,0.43255208333333334,0.7282407407407407,0.23796296296296296,0.05242621527777778,1.6459143968871595,0.9245365858078004,24.0,-0.5283687635574837,-0.44251626898047725,-211.5,48.0,-12.674980279205135,1.2342268130664562,-0.06680419704351669,-0.037251062955372435,0.9236412932041086,0.06744791666666666,-9.998695652173913,2.6745652173913044,0.000690783573233563,0.21739130434782608,0.6086956521739131,64.08065032958984,14.952981948852539,0.0
0a96b25258b0,cyclar_data_5,1182.0,281.0,2.0,0.40390625,0.7101851851851851,0.19444444444444445,0.035546875,1.6714285714285715,0.903276801109314,24.0,-0.7244321155657909,-0.5493562231759657,-230.5,33.0,-8.854979254868203,-1.5748699496695442,-0.0623580551861447,-0.031035693802730722,0.9214208802592131,0.09609374999999998,-11.54304347826087,0.9558695652173913,0.004015964839769446,0.043478260869565216,0.34782608695652173,79.34405517578125,8.798736572265625,0.0
0a96b25258b0,cyclar_data_5,1194.0,295.0,2.0,0.5635416666666667,0.6180555555555556,0.39351851851851855,0.08690200617283951,0.9976470588235294,0.6457053422927856,10.0,0.1808340541532332,-0.12551440329218108,-55.0,-55.5,-2.599897912499999,-3.223907603999999,-0.013009843708269487,-0.024533631999552795,0.6914758829230191,0.06354166666666672,-7.303030303030303,-8.22121212121212,-0.002979798027963349,0.2222222222222222,0.7777777777777778,18.922473907470703,8.68942928314209,0.0
0a96b25258b0,cyclar_data_5,1194.0,303.0,5.0,0.5638020833333334,0.6180555555555556,0.38981481481481484,0.08628713348765432,1.009501187648456,0.4682225584983825,1.0,0.0,0.0,0.0,0.0,0.0,0.0,0.0,0.0,0.4682225584983825,0.06380208333333337,0.0,0.0,0.0,0.0,0.0,0.0,0.0,0.0
0a96b25258b0,cyclar_data_5,1200.0,295.0,2.0,0.55390625,0.6759259259259259,0.4074074074074074,0.09739583333333333,1.0431818181818182,0.6273654699325562,15.0,0.32342533616418967,-0.09465020576131687,-73.5,7.0,-2.4018598421538746,11.380352848995718,0.02886514246345609,0.01791686257347625,0.7237923747160682,0.053906250000000044,-7.2214285714285715,-1.3285714285714285,-0.002374441708837237,0.35714285714285715,0.7857142857142857,21.50338363647461,16.04648780822754,0.0
