run_id,video_id,frame_idx,track_id,cls_id,conf,x1,y1,x2,y2
7b6f2cec8383,cyclar_data_29a,0,1,2,0.9066093564033508,290,548,660,796
7b6f2cec8383,cyclar_data_29a,1,1,2,0.8791894912719727,290,546,666,798
7b6f2cec8383,cyclar_data_29a,2,1,2,0.9199292063713074,285,540,667,798
7b6f2cec8383,cyclar_data_29a,3,1,2,0.9174508452415466,274,535,662,797
7b6f2cec8383,cyclar_data_29a,4,1,2,0.9059242010116577,251,526,644,796
7b6f2cec8383,cyclar_data_29a,5,1,2,0.9138091206550598,214,512,611,787
7b6f2cec8383,cyclar_data_29a,6,1,2,0.8599613308906555,161,492,557,778
7b6f2cec8383,cyclar_data_29a,7,1,2,0.9047896265983582,90,475,486,770
7b6f2cec8383,cyclar_data_29a,8,1,2,0.9085597991943359,1,464,396,768
7b6f2cec8383,cyclar_data_29a,9,1,2,0.9087298512458801,0,457,295,773
7b6f2cec8383,cyclar_data_29a,10,1,2,0.646904706954956,0,456,191,765
7b6f2cec8383,cyclar_data_29a,43,37,2,0.4444655478000641,1190,486,1295,828
7b6f2cec8383,cyclar_data_29a,44,37,2,0.40446317195892334,1191,480,1296,827
7b6f2cec8383,cyclar_data_29a,45,37,2,0.4441394805908203,1190,481,1295,827
7b6f2cec8383,cyclar_data_29a,46,37,2,0.42695966362953186,1190,480,1294,830
7b6f2cec8383,cyclar_data_29a,47,37,2,0.5672329068183899,1190,486,1294,831
7b6f2cec8383,cyclar_data_29a,50,37,2,0.4164319932460785,1192,491,1296,836
7b6f2cec8383,cyclar_data_29a,70,42,2,0.6446483135223389,6,485,224,965
7b6f2cec8383,cyclar_data_29a,71,42,2,0.6950356364250183,1,487,186,967
7b6f2cec8383,cyclar_data_29a,72,42,2,0.686242401599884,0,478,195,967
7b6f2cec8383,cyclar_data_29a,73,42,2,0.7423498034477234,0,475,199,966
7b6f2cec8383,cyclar_data_29a,74,42,2,0.7655426263809204,0,474,203,965
7b6f2cec8383,cyclar_data_29a,75,42,2,0.7172648310661316,0,479,207,966
7b6f2cec8383,cyclar_data_29a,76,42,2,0.7477104067802429,0,489,212,969
7b6f2cec8383,cyclar_data_29a,77,42,2,0.8048133254051208,0,502,217,971
7b6f2cec8383,cyclar_data_29a,78,42,2,0.7311966419219971,0,515,220,970
7b6f2cec8383,cyclar_data_29a,79,42,2,0.7223979830741882,0,522,217,969
7b6f2cec8383,cyclar_data_29a,80,42,2,0.6765961050987244,0,545,213,969
7b6f2cec8383,cyclar_data_29a,81,42,2,0.48565205931663513,0,555,203,969
7b6f2cec8383,cyclar_data_29a,82,42,2,0.5857700705528259,0,570,193,969
7b6f2cec8383,cyclar_data_29a,83,42,2,0.5635554790496826,0,587,184,969
7b6f2cec8383,cyclar_data_29a,84,42,2,0.4629065990447998,0,575,187,971
7b6f2cec8383,cyclar_data_29a,85,42,2,0.539817750453949,1,578,187,970
7b6f2cec8383,cyclar_data_29a,86,42,2,0.6157615780830383,3,578,188,967
7b6f2cec8383,cyclar_data_29a,87,42,2,0.6566793918609619,4,578,191,964
7b6f2cec8383,cyclar_data_29a,88,42,2,0.6211406588554382,4,548,196,964
7b6f2cec8383,cyclar_data_29a,89,42,2,0.6940453052520752,5,525,201,964
7b6f2cec8383,cyclar_data_29a,90,42,2,0.8032180666923523,7,518,207,965
7b6f2cec8383,cyclar_data_29a,91,42,2,0.6659021377563477,9,502,219,967
7b6f2cec8383,cyclar_data_29a,92,42,2,0.7118257284164429,10,485,233,968
7b6f2cec8383,cyclar_data_29a,93,42,2,0.689764142036438,9,477,251,968
7b6f2cec8383,cyclar_data_29a,94,42,2,0.8644043207168579,8,470,263,969
7b6f2cec8383,cyclar_data_29a,95,42,2,0.8982398509979248,5,465,271,970
7b6f2cec8383,cyclar_data_29a,96,42,2,0.8820051550865173,3,460,274,971
7b6f2cec8383,cyclar_data_29a,97,42,2,0.8892197012901306,2,454,276,971
7b6f2cec8383,cyclar_data_29a,98,42,2,0.8852632641792297,1,446,276,971
7b6f2cec8383,cyclar_data_29a,99,42,2,0.885186493396759,1,437,275,970
7b6f2cec8383,cyclar_data_29a,100,42,2,0.8613023161888123,1,427,277,970
7b6f2cec8383,cyclar_data_29a,101,42,2,0.9046434760093689,2,420,280,970
7b6f2cec8383,cyclar_data_29a,102,42,2,0.8678280115127563,3,415,288,971
7b6f2cec8383,cyclar_data_29a,103,42,2,0.8857133388519287,3,412,297,970
7b6f2cec8383,cyclar_data_29a,104,42,2,0.8406921625137329,3,412,308,966
7b6f2cec8383,cyclar_data_29a,105,42,2,0.8517583608627319,3,412,320,962
7b6f2cec8383,cyclar_data_29a,106,42,2,0.8797659873962402,2,417,329,959
7b6f2cec8383,cyclar_data_29a,107,42,2,0.9216234087944031,1,423,340,959
7b6f2cec8383,cyclar_data_29a,108,42,2,0.9386163949966431,1,432,349,962
7b6f2cec8383,cyclar_data_29a,109,42,2,0.9225434064865112,1,446,359,969
7b6f2cec8383,cyclar_data_29a,110,42,2,0.9263319969177246,1,466,369,972
7b6f2cec8383,cyclar_data_29a,111,42,2,0.9361127018928528,1,487,378,972
7b6f2cec8383,cyclar_data_29a,112,42,2,0.924877941608429,1,505,384,972
7b6f2cec8383,cyclar_data_29a,113,42,2,0.9353793263435364,0,522,391,972
7b6f2cec8383,cyclar_data_29a,114,42,2,0.9076856970787048,0,534,397,972
7b6f2cec8383,cyclar_data_29a,115,42,2,0.9133126735687256,0,542,404,972
7b6f2cec8383,cyclar_data_29a,116,42,2,0.9194456338882446,0,544,409,970
7b6f2cec8383,cyclar_data_29a,117,42,2,0.9218428730964661,0,547,415,968
7b6f2cec8383,cyclar_data_29a,118,42,2,0.9196028709411621,0,549,418,968
7b6f2cec8383,cyclar_data_29a,119,42,2,0.9187746047973633,0,547,419,967
7b6f2cec8383,cyclar_data_29a,120,42,2,0.9181185960769653,0,541,418,966
7b6f2cec8383,cyclar_data_29a,121,42,2,0.9086876511573792,0,533,419,965
7b6f2cec8383,cyclar_data_29a,122,42,2,0.9277920722961426,2,526,429,964
7b6f2cec8383,cyclar_data_29a,123,42,2,0.9363768696784973,5,516,444,964
7b6f2cec8383,cyclar_data_29a,124,42,2,0.9136367440223694,8,506,463,964
7b6f2cec8383,cyclar_data_29a,125,42,2,0.9299845099449158,9,497,484,966
7b6f2cec8383,cyclar_data_29a,126,42,2,0.936962902545929,9,491,506,967
7b6f2cec8383,cyclar_data_29a,127,42,2,0.9334449172019958,7,486,524,969
7b6f2cec8383,cyclar_data_29a,128,42,2,0.9391642808914185,5,483,541,969
7b6f2cec8383,cyclar_data_29a,129,42,2,0.9376134276390076,4,478,556,969
7b6f2cec8383,cyclar_data_29a,130,42,2,0.9420867562294006,3,473,571,969
7b6f2cec8383,cyclar_data_29a,131,42,2,0.9494117498397827,4,467,588,968
7b6f2cec8383,cyclar_data_29a,132,42,2,0.9538602828979492,5,460,609,968
7b6f2cec8383,cyclar_data_29a,133,42,2,0.9470275640487671,5,452,629,964
7b6f2cec8383,cyclar_data_29a,134,42,2,0.9481304883956909,3,444,647,959
7b6f2cec8383,cyclar_data_29a,135,42,2,0.9313661456108093,2,437,663,951
7b6f2cec8383,cyclar_data_29a,136,42,2,0.9241157174110413,0,434,678,948
7b6f2cec8383,cyclar_data_29a,137,42,2,0.9345226287841797,0,432,692,949
7b6f2cec8383,cyclar_data_29a,138,42,2,0.926563024520874,0,432,704,944
7b6f2cec8383,cyclar_data_29a,139,42,2,0.9344398975372314,0,433,717,943
7b6f2cec8383,cyclar_data_29a,140,42,2,0.9375138878822327,0,433,731,947
7b6f2cec8383,cyclar_data_29a,141,42,2,0.9312028884887695,0,430,743,949
7b6f2cec8383,cyclar_data_29a,142,42,2,0.9177603125572205,0,425,753,948
7b6f2cec8383,cyclar_data_29a,143,42,2,0.902515709400177,0,418,757,938
7b6f2cec8383,cyclar_data_29a,144,42,2,0.8794853091239929,0,408,760,930
7b6f2cec8383,cyclar_data_29a,145,42,2,0.8967810273170471,0,397,762,934
7b6f2cec8383,cyclar_data_29a,146,42,2,0.9088473916053772,0,388,762,925
7b6f2cec8383,cyclar_data_29a,147,42,2,0.8969746232032776,0,382,762,920
7b6f2cec8383,cyclar_data_29a,148,42,2,0.906459391117096,0,378,760,924
7b6f2cec8383,cyclar_data_29a,149,42,2,0.9043524861335754,0,372,755,923
7b6f2cec8383,cyclar_data_29a,150,42,2,0.8946335315704346,0,366,750,920
7b6f2cec8383,cyclar_data_29a,151,42,2,0.8941434621810913,0,363,745,923
7b6f2cec8383,cyclar_data_29a,152,42,2,0.8966894745826721,0,362,740,906
7b6f2cec8383,cyclar_data_29a,153,42,2,0.8923472762107849,0,357,734,916
7b6f2cec8383,cyclar_data_29a,154,42,2,0.8964484930038452,0,353,725,938
7b6f2cec8383,cyclar_data_29a,155,42,2,0.8812839388847351,0,349,718,951
7b6f2cec8383,cyclar_data_29a,156,42,2,0.8663908243179321,0,345,714,942
7b6f2cec8383,cyclar_data_29a,157,42,2,0.8747881054878235,0,342,712,946
7b6f2cec8383,cyclar_data_29a,158,42,2,0.8784875273704529,2,340,713,942
7b6f2cec8383,cyclar_data_29a,159,28,2,0.8862682580947876,826,484,1057,635
7b6f2cec8383,cyclar_data_29a,159,42,2,0.8749684691429138,4,340,717,939
7b6f2cec8383,cyclar_data_29a,160,28,2,0.8715820908546448,828,481,1059,632
7b6f2cec8383,cyclar_data_29a,160,42,2,0.8760518431663513,4,342,720,945
7b6f2cec8383,cyclar_data_29a,161,28,2,0.8741563558578491,829,480,1062,631
7b6f2cec8383,cyclar_data_29a,161,42,2,0.8847613334655762,3,347,722,958
7b6f2cec8383,cyclar_data_29a,162,28,2,0.864709734916687,829,482,1062,633
7b6f2cec8383,cyclar_data_29a,162,42,2,0.8857746124267578,3,352,724,965
7b6f2cec8383,cyclar_data_29a,163,28,2,0.8791746497154236,829,487,1063,638
7b6f2cec8383,cyclar_data_29a,163,42,2,0.8936529159545898,3,359,728,969
7b6f2cec8383,cyclar_data_29a,164,28,2,0.8219897150993347,834,496,1069,648
7b6f2cec8383,cyclar_data_29a,164,42,2,0.8950056433677673,3,368,734,970
7b6f2cec8383,cyclar_data_29a,165,28,2,0.8751057386398315,841,503,1077,656
7b6f2cec8383,cyclar_data_29a,165,42,2,0.9046899080276489,4,375,742,972
7b6f2cec8383,cyclar_data_29a,166,28,2,0.8846482634544373,847,507,1083,661
7b6f2cec8383,cyclar_data_29a,166,42,2,0.8970757126808167,4,379,750,969
7b6f2cec8383,cyclar_data_29a,167,28,2,0.9086939096450806,852,508,1091,662
7b6f2cec8383,cyclar_data_29a,167,42,2,0.8974434733390808,4,383,756,967
7b6f2cec8383,cyclar_data_29a,168,28,2,0.9043478965759277,855,507,1095,662
7b6f2cec8383,cyclar_data_29a,168,42,2,0.9107335209846497,1,386,764,965
7b6f2cec8383,cyclar_data_29a,169,28,2,0.882519006729126,858,505,1097,660
7b6f2cec8383,cyclar_data_29a,169,42,2,0.9073877930641174,0,393,769,965
7b6f2cec8383,cyclar_data_29a,170,28,2,0.9007202982902527,860,504,1101,659
7b6f2cec8383,cyclar_data_29a,170,42,2,0.9170418977737427,0,399,773,967
7b6f2cec8383,cyclar_data_29a,171,28,2,0.9058313369750977,861,505,1103,661
7b6f2cec8383,cyclar_data_29a,171,42,2,0.9104412198066711,1,408,774,966
7b6f2cec8383,cyclar_data_29a,172,28,2,0.8975135087966919,864,509,1105,664
7b6f2cec8383,cyclar_data_29a,172,42,2,0.9171482920646667,1,414,775,967
7b6f2cec8383,cyclar_data_29a,173,28,2,0.9015477299690247,865,514,1107,670
7b6f2cec8383,cyclar_data_29a,173,42,2,0.9197633862495422,1,418,777,969
7b6f2cec8383,cyclar_data_29a,174,28,2,0.8932870030403137,866,519,1109,678
7b6f2cec8383,cyclar_data_29a,174,42,2,0.9214709401130676,1,419,774,970
7b6f2cec8383,cyclar_data_29a,175,28,2,0.8825459480285645,865,523,1109,681
7b6f2cec8383,cyclar_data_29a,175,42,2,0.9226575493812561,1,419,772,969
7b6f2cec8383,cyclar_data_29a,176,28,2,0.8986930847167969,865,526,1110,685
7b6f2cec8383,cyclar_data_29a,176,42,2,0.9213700294494629,1,419,776,967
7b6f2cec8383,cyclar_data_29a,177,28,2,0.9008567929267883,863,527,1109,687
7b6f2cec8383,cyclar_data_29a,177,42,2,0.9162091016769409,0,418,776,943
7b6f2cec8383,cyclar_data_29a,178,28,2,0.8900177478790283,859,525,1107,686
7b6f2cec8383,cyclar_data_29a,178,42,2,0.9273513555526733,0,415,772,947
7b6f2cec8383,cyclar_data_29a,179,28,2,0.8794097900390625,853,522,1103,683
7b6f2cec8383,cyclar_data_29a,179,42,2,0.9211139678955078,0,413,768,942
7b6f2cec8383,cyclar_data_29a,180,28,2,0.8866989016532898,845,519,1096,680
7b6f2cec8383,cyclar_data_29a,180,42,2,0.9247890710830688,0,412,761,950
7b6f2cec8383,cyclar_data_29a,181,28,2,0.8908666372299194,838,516,1090,677
7b6f2cec8383,cyclar_data_29a,181,42,2,0.9294078946113586,0,414,753,958
7b6f2cec8383,cyclar_data_29a,182,28,2,0.9010930061340332,828,512,1081,672
7b6f2cec8383,cyclar_data_29a,182,42,2,0.9209164977073669,0,416,743,953
7b6f2cec8383,cyclar_data_29a,183,28,2,0.9151514172554016,817,508,1070,668
7b6f2cec8383,cyclar_data_29a,183,42,2,0.9215409755706787,0,419,731,960
7b6f2cec8383,cyclar_data_29a,184,28,2,0.905225396156311,805,505,1060,665
7b6f2cec8383,cyclar_data_29a,184,42,2,0.9243401885032654,0,423,717,964
7b6f2cec8383,cyclar_data_29a,185,28,2,0.9088547229766846,792,502,1048,661
7b6f2cec8383,cyclar_data_29a,185,42,2,0.9351713061332703,0,428,706,966
7b6f2cec8383,cyclar_data_29a,186,28,2,0.9093688726425171,781,502,1039,661
7b6f2cec8383,cyclar_data_29a,186,42,2,0.9327859878540039,0,437,695,968
7b6f2cec8383,cyclar_data_29a,187,28,2,0.9081268906593323,773,503,1031,661
7b6f2cec8383,cyclar_data_29a,187,42,2,0.9303711652755737,0,444,685,968
7b6f2cec8383,cyclar_data_29a,188,28,2,0.9068484306335449,766,505,1025,662
7b6f2cec8383,cyclar_data_29a,188,42,2,0.9374946355819702,0,449,676,969
7b6f2cec8383,cyclar_data_29a,189,28,2,0.9075999855995178,758,506,1018,665
7b6f2cec8383,cyclar_data_29a,189,42,2,0.9446893334388733,0,452,665,969
7b6f2cec8383,cyclar_data_29a,190,28,2,0.9077585935592651,747,507,1007,666
7b6f2cec8383,cyclar_data_29a,190,42,2,0.9445130825042725,0,452,652,967
7b6f2cec8383,cyclar_data_29a,191,28,2,0.9065748453140259,733,508,994,668
7b6f2cec8383,cyclar_data_29a,191,42,2,0.944595217704773,0,452,637,967
7b6f2cec8383,cyclar_data_29a,192,28,2,0.9097811579704285,715,506,978,666
7b6f2cec8383,cyclar_data_29a,192,42,2,0.9453455805778503,0,451,619,966
7b6f2cec8383,cyclar_data_29a,193,28,2,0.9008380770683289,694,503,960,661
7b6f2cec8383,cyclar_data_29a,193,42,2,0.9364925026893616,0,450,597,966
7b6f2cec8383,cyclar_data_29a,194,28,2,0.9069661498069763,673,499,940,656
7b6f2cec8383,cyclar_data_29a,194,42,2,0.9383012056350708,0,453,577,965
7b6f2cec8383,cyclar_data_29a,195,28,2,0.9065149426460266,655,497,923,654
7b6f2cec8383,cyclar_data_29a,195,42,2,0.9428931474685669,0,457,559,966
7b6f2cec8383,cyclar_data_29a,195,53,2,0.5770350098609924,1189,495,1292,816
7b6f2cec8383,cyclar_data_29a,196,28,2,0.8991259932518005,640,495,908,653
7b6f2cec8383,cyclar_data_29a,196,42,2,0.9414029121398926,0,462,545,968
7b6f2cec8383,cyclar_data_29a,197,28,2,0.8875970840454102,628,495,897,653
7b6f2cec8383,cyclar_data_29a,197,42,2,0.9438604712486267,0,468,531,969
7b6f2cec8383,cyclar_data_29a,198,28,2,0.8860834836959839,615,496,884,654
7b6f2cec8383,cyclar_data_29a,198,42,2,0.943294107913971,0,474,519,970
7b6f2cec8383,cyclar_data_29a,199,28,2,0.9057226181030273,601,497,870,655
7b6f2cec8383,cyclar_data_29a,199,42,2,0.9405868649482727,0,482,506,971
7b6f2cec8383,cyclar_data_29a,200,28,2,0.9039496779441833,586,498,856,655
7b6f2cec8383,cyclar_data_29a,200,42,2,0.9404011964797974,0,490,492,971
7b6f2cec8383,cyclar_data_29a,200,53,2,0.820975661277771,1168,442,1294,825
7b6f2cec8383,cyclar_data_29a,201,28,2,0.8992319703102112,572,499,844,658
7b6f2cec8383,cyclar_data_29a,201,42,2,0.9377132058143616,0,497,481,972
7b6f2cec8383,cyclar_data_29a,201,53,2,0.8039566874504089,1160,433,1294,826
7b6f2cec8383,cyclar_data_29a,202,28,2,0.9075106382369995,561,501,832,661
7b6f2cec8383,cyclar_data_29a,202,42,2,0.9432864785194397,1,504,470,972
7b6f2cec8383,cyclar_data_29a,202,53,2,0.8083860874176025,1153,428,1295,831
7b6f2cec8383,cyclar_data_29a,203,28,2,0.884634792804718,553,505,823,667
7b6f2cec8383,cyclar_data_29a,203,42,2,0.9447147846221924,2,511,462,972
7b6f2cec8383,cyclar_data_29a,203,53,2,0.7034354209899902,1148,424,1296,808
7b6f2cec8383,cyclar_data_29a,204,28,2,0.8505457043647766,546,509,816,674
7b6f2cec8383,cyclar_data_29a,204,42,2,0.9445088505744934,3,519,456,972
7b6f2cec8383,cyclar_data_29a,204,53,2,0.7729498147964478,1144,424,1296,831
7b6f2cec8383,cyclar_data_29a,205,28,2,0.8926418423652649,540,514,810,680
7b6f2cec8383,cyclar_data_29a,205,42,2,0.9444651007652283,3,526,450,972
7b6f2cec8383,cyclar_data_29a,205,53,2,0.8612695932388306,1140,425,1296,843
7b6f2cec8383,cyclar_data_29a,206,28,2,0.8987196683883667,533,519,803,688
7b6f2cec8383,cyclar_data_29a,206,42,2,0.9476926922798157,3,532,443,972
7b6f2cec8383,cyclar_data_29a,206,53,2,0.870272696018219,1137,427,1296,850
7b6f2cec8383,cyclar_data_29a,207,28,2,0.7872021794319153,526,522,795,691
7b6f2cec8383,cyclar_data_29a,207,42,2,0.9471036791801453,2,535,437,971
7b6f2cec8383,cyclar_data_29a,207,53,2,0.8726754188537598,1133,430,1296,850
7b6f2cec8383,cyclar_data_29a,208,28,2,0.8578957319259644,519,523,789,692
7b6f2cec8383,cyclar_data_29a,208,42,2,0.9447147846221924,2,534,429,970
7b6f2cec8383,cyclar_data_29a,208,53,2,0.8746424913406372,1128,430,1296,851
7b6f2cec8383,cyclar_data_29a,209,28,2,0.7666450142860413,511,523,782,692
7b6f2cec8383,cyclar_data_29a,209,42,2,0.9468545913696289,2,532,421,969
7b6f2cec8383,cyclar_data_29a,209,53,2,0.8503196239471436,1122,432,1295,857
7b6f2cec8383,cyclar_data_29a,210,28,2,0.8588031530380249,504,523,776,692
7b6f2cec8383,cyclar_data_29a,210,42,2,0.948817789554596,2,529,414,969
7b6f2cec8383,cyclar_data_29a,210,53,2,0.8580067157745361,1118,434,1295,861
7b6f2cec8383,cyclar_data_29a,211,28,2,0.8605042695999146,500,523,771,692
7b6f2cec8383,cyclar_data_29a,211,42,2,0.945493757724762,3,525,409,969
7b6f2cec8383,cyclar_data_29a,211,53,2,0.8565265536308289,1116,439,1296,860
7b6f2cec8383,cyclar_data_29a,212,28,2,0.8619327545166016,496,525,769,692
7b6f2cec8383,cyclar_data_29a,212,42,2,0.9428371787071228,3,520,403,969
7b6f2cec8383,cyclar_data_29a,212,53,2,0.8202664852142334,1114,445,1296,873
7b6f2cec8383,cyclar_data_29a,213,28,2,0.8059669733047485,492,526,766,691
7b6f2cec8383,cyclar_data_29a,213,42,2,0.948386549949646,3,513,398,969
7b6f2cec8383,cyclar_data_29a,213,53,2,0.8304087519645691,1110,453,1295,907
7b6f2cec8383,cyclar_data_29a,214,28,2,0.8828660249710083,487,526,761,690
7b6f2cec8383,cyclar_data_29a,214,42,2,0.9475024938583374,3,506,392,968
7b6f2cec8383,cyclar_data_29a,214,53,2,0.7630622982978821,1106,460,1295,925
7b6f2cec8383,cyclar_data_29a,215,28,2,0.8930734992027283,481,527,755,690
7b6f2cec8383,cyclar_data_29a,215,42,2,0.9401196837425232,2,501,385,969
7b6f2cec8383,cyclar_data_29a,215,53,2,0.6777527928352356,1101,468,1294,944
7b6f2cec8383,cyclar_data_29a,216,28,2,0.9080343246459961,471,530,745,692
7b6f2cec8383,cyclar_data_29a,216,42,2,0.9459018111228943,1,496,374,969
7b6f2cec8383,cyclar_data_29a,216,53,2,0.5891281366348267,1092,477,1293,868
7b6f2cec8383,cyclar_data_29a,217,28,2,0.9118736982345581,459,534,733,694
7b6f2cec8383,cyclar_data_29a,217,42,2,0.9367675185203552,0,488,361,969
7b6f2cec8383,cyclar_data_29a,217,53,2,0.7654937505722046,1081,488,1291,939
7b6f2cec8383,cyclar_data_29a,218,28,2,0.9110342860221863,447,537,721,699
7b6f2cec8383,cyclar_data_29a,218,42,2,0.9232396483421326,0,479,347,965
7b6f2cec8383,cyclar_data_29a,218,53,2,0.7021493911743164,1069,498,1290,962
7b6f2cec8383,cyclar_data_29a,219,28,2,0.9098588228225708,434,541,709,704
7b6f2cec8383,cyclar_data_29a,219,42,2,0.9249603748321533,0,467,331,952
7b6f2cec8383,cyclar_data_29a,219,53,2,0.7384108304977417,1056,504,1289,972
7b6f2cec8383,cyclar_data_29a,220,28,2,0.9055438041687012,421,544,696,705
7b6f2cec8383,cyclar_data_29a,220,42,2,0.9133985042572021,0,453,317,939
7b6f2cec8383,cyclar_data_29a,220,53,2,0.8274142146110535,1042,506,1289,972
7b6f2cec8383,cyclar_data_29a,221,28,2,0.9040107727050781,407,541,684,703
7b6f2cec8383,cyclar_data_29a,221,42,2,0.9269024729728699,0,438,304,928
7b6f2cec8383,cyclar_data_29a,221,53,2,0.7953899502754211,1028,503,1290,972
7b6f2cec8383,cyclar_data_29a,222,28,2,0.9146029949188232,395,536,673,699
7b6f2cec8383,cyclar_data_29a,222,42,2,0.9289843440055847,0,426,291,918
7b6f2cec8383,cyclar_data_29a,222,53,2,0.7191802859306335,1015,505,1291,972
7b6f2cec8383,cyclar_data_29a,223,28,2,0.9056953191757202,384,530,663,694
7b6f2cec8383,cyclar_data_29a,223,42,2,0.920291006565094,0,412,279,906
7b6f2cec8383,cyclar_data_29a,223,53,2,0.7847625613212585,1004,499,1292,972
7b6f2cec8383,cyclar_data_29a,224,28,2,0.9015529751777649,378,523,656,687
7b6f2cec8383,cyclar_data_29a,224,42,2,0.8799204230308533,2,396,272,895
7b6f2cec8383,cyclar_data_29a,224,53,2,0.7783975005149841,995,506,1294,972
7b6f2cec8383,cyclar_data_29a,225,28,2,0.8984298706054688,381,515,660,680
7b6f2cec8383,cyclar_data_29a,225,42,2,0.8747478723526001,5,381,272,882
7b6f2cec8383,cyclar_data_29a,225,53,2,0.7545331120491028,992,507,1296,972
7b6f2cec8383,cyclar_data_29a,226,28,2,0.9127288460731506,391,507,671,673
7b6f2cec8383,cyclar_data_29a,226,42,2,0.8807497620582581,8,363,281,867
7b6f2cec8383,cyclar_data_29a,226,53,2,0.5750778317451477,998,506,1296,972
7b6f2cec8383,cyclar_data_29a,227,28,2,0.9056301116943359,409,498,691,667
7b6f2cec8383,cyclar_data_29a,227,42,2,0.9115834832191467,11,341,297,848
7b6f2cec8383,cyclar_data_29a,227,53,2,0.43747812509536743,1008,502,1296,972
7b6f2cec8383,cyclar_data_29a,228,28,2,0.8973821401596069,429,487,710,656
7b6f2cec8383,cyclar_data_29a,228,42,2,0.8845657110214233,13,319,316,828
7b6f2cec8383,cyclar_data_29a,229,28,2,0.8869355320930481,451,481,732,649
7b6f2cec8383,cyclar_data_29a,229,42,2,0.8979557156562805,13,296,336,807
7b6f2cec8383,cyclar_data_29a,229,53,2,0.6546261310577393,1031,506,1296,972
7b6f2cec8383,cyclar_data_29a,230,28,2,0.8745092749595642,466,476,750,644
7b6f2cec8383,cyclar_data_29a,230,42,2,0.8959240913391113,10,275,353,791
7b6f2cec8383,cyclar_data_29a,230,53,2,0.4832148551940918,1039,368,1296,972
7b6f2cec8383,cyclar_data_29a,231,28,2,0.8852691650390625,479,473,764,638
7b6f2cec8383,cyclar_data_29a,231,42,2,0.8688969016075134,8,262,368,777
7b6f2cec8383,cyclar_data_29a,231,53,2,0.5353174209594727,1043,450,1296,972
7b6f2cec8383,cyclar_data_29a,232,28,2,0.8799453377723694,491,470,774,635
7b6f2cec8383,cyclar_data_29a,232,42,2,0.8785929083824158,5,257,380,769
7b6f2cec8383,cyclar_data_29a,232,53,2,0.6787510514259338,1047,485,1296,970
7b6f2cec8383,cyclar_data_29a,233,28,2,0.8862317204475403,497,469,783,633
7b6f2cec8383,cyclar_data_29a,233,42,2,0.8520107269287109,2,254,389,765
7b6f2cec8383,cyclar_data_29a,233,53,2,0.6455023884773254,1051,497,1296,969
7b6f2cec8383,cyclar_data_29a,234,28,2,0.8793238401412964,502,468,787,632
7b6f2cec8383,cyclar_data_29a,234,42,2,0.892263650894165,0,254,394,763
7b6f2cec8383,cyclar_data_29a,234,53,2,0.6267755627632141,1055,501,1296,968
7b6f2cec8383,cyclar_data_29a,235,28,2,0.859100341796875,505,466,791,631
7b6f2cec8383,cyclar_data_29a,235,42,2,0.8964884281158447,0,254,397,761
7b6f2cec8383,cyclar_data_29a,235,53,2,0.562494695186615,1057,501,1295,967
7b6f2cec8383,cyclar_data_29a,236,28,2,0.8661293983459473,508,463,792,629
7b6f2cec8383,cyclar_data_29a,236,42,2,0.8932173848152161,0,252,399,759
7b6f2cec8383,cyclar_data_29a,236,53,2,0.5456447601318359,1059,503,1294,968
7b6f2cec8383,cyclar_data_29a,237,28,2,0.8469070792198181,509,460,792,629
7b6f2cec8383,cyclar_data_29a,237,42,2,0.8682475090026855,0,250,399,757
7b6f2cec8383,cyclar_data_29a,237,53,2,0.5518882274627686,1059,504,1293,969
7b6f2cec8383,cyclar_data_29a,238,28,2,0.8179089426994324,508,459,792,627
7b6f2cec8383,cyclar_data_29a,238,42,2,0.8785454034805298,0,248,398,754
7b6f2cec8383,cyclar_data_29a,238,53,2,0.524479329586029,1058,504,1293,969
7b6f2cec8383,cyclar_data_29a,239,28,2,0.8429231643676758,507,457,791,626
7b6f2cec8383,cyclar_data_29a,239,42,2,0.8985617160797119,0,247,396,752
7b6f2cec8383,cyclar_data_29a,239,53,2,0.42075756192207336,1056,505,1292,969
7b6f2cec8383,cyclar_data_29a,240,28,2,0.8565484285354614,509,456,791,624
7b6f2cec8383,cyclar_data_29a,240,42,2,0.8768551349639893,0,247,396,751
7b6f2cec8383,cyclar_data_29a,240,53,2,0.5406375527381897,1055,504,1293,969
7b6f2cec8383,cyclar_data_29a,241,28,2,0.862776517868042,511,456,792,624
7b6f2cec8383,cyclar_data_29a,241,42,2,0.8415524363517761,0,251,398,752
7b6f2cec8383,cyclar_data_29a,241,53,2,0.6159281134605408,1056,502,1294,968
7b6f2cec8383,cyclar_data_29a,242,28,2,0.8250332474708557,512,457,794,623
7b6f2cec8383,cyclar_data_29a,242,42,2,0.8597129583358765,0,252,401,754
7b6f2cec8383,cyclar_data_29a,242,53,2,0.7247288227081299,1059,503,1295,969
7b6f2cec8383,cyclar_data_29a,243,28,2,0.8334941267967224,515,456,796,622
7b6f2cec8383,cyclar_data_29a,243,42,2,0.9005122780799866,0,252,405,755
7b6f2cec8383,cyclar_data_29a,243,53,2,0.6509416103363037,1062,503,1295,969
7b6f2cec8383,cyclar_data_29a,244,28,2,0.8284480571746826,516,456,799,622
7b6f2cec8383,cyclar_data_29a,244,42,2,0.912261962890625,0,255,407,756
7b6f2cec8383,cyclar_data_29a,244,53,2,0.6256350874900818,1065,504,1295,968
7b6f2cec8383,cyclar_data_29a,245,28,2,0.866826593875885,517,456,801,622
7b6f2cec8383,cyclar_data_29a,245,42,2,0.9279971718788147,0,260,408,758
7b6f2cec8383,cyclar_data_29a,245,53,2,0.6380593776702881,1067,503,1295,968
7b6f2cec8383,cyclar_data_29a,246,28,2,0.8698933720588684,519,457,805,623
7b6f2cec8383,cyclar_data_29a,246,42,2,0.9346101880073547,0,268,410,762
7b6f2cec8383,cyclar_data_29a,246,53,2,0.6685108542442322,1072,500,1296,968
7b6f2cec8383,cyclar_data_29a,247,28,2,0.8512319922447205,519,460,806,624
7b6f2cec8383,cyclar_data_29a,247,42,2,0.9389127492904663,0,279,411,769
7b6f2cec8383,cyclar_data_29a,247,53,2,0.6111911535263062,1076,500,1296,967
7b6f2cec8383,cyclar_data_29a,248,28,2,0.883914053440094,518,462,805,625
7b6f2cec8383,cyclar_data_29a,248,42,2,0.9177976250648499,0,291,410,776
7b6f2cec8383,cyclar_data_29a,248,53,2,0.7310396432876587,1081,497,1296,966
7b6f2cec8383,cyclar_data_29a,249,28,2,0.8701520562171936,516,463,801,625
7b6f2cec8383,cyclar_data_29a,249,42,2,0.9181288480758667,0,300,407,782
7b6f2cec8383,cyclar_data_29a,249,53,2,0.6567058563232422,1082,496,1295,966
7b6f2cec8383,cyclar_data_29a,250,28,2,0.8751645684242249,514,464,798,626
7b6f2cec8383,cyclar_data_29a,250,42,2,0.9183778166770935,0,309,406,788
7b6f2cec8383,cyclar_data_29a,250,53,2,0.676781415939331,1084,498,1295,966
7b6f2cec8383,cyclar_data_29a,251,28,2,0.8732693791389465,514,464,798,627
7b6f2cec8383,cyclar_data_29a,251,42,2,0.9255164265632629,0,317,404,794
7b6f2cec8383,cyclar_data_29a,251,53,2,0.6441718339920044,1087,500,1295,967
7b6f2cec8383,cyclar_data_29a,252,28,2,0.8878490328788757,513,464,796,627
7b6f2cec8383,cyclar_data_29a,252,42,2,0.9270923733711243,0,322,403,799
7b6f2cec8383,cyclar_data_29a,252,53,2,0.5556445717811584,1090,499,1295,967
7b6f2cec8383,cyclar_data_29a,253,28,2,0.8911765813827515,511,466,794,627
7b6f2cec8383,cyclar_data_29a,253,42,2,0.9254360795021057,0,332,403,805
7b6f2cec8383,cyclar_data_29a,253,53,2,0.5415542125701904,1092,501,1295,967
7b6f2cec8383,cyclar_data_29a,254,28,2,0.8907850384712219,509,466,794,628
7b6f2cec8383,cyclar_data_29a,254,42,2,0.9256421327590942,0,343,403,815
7b6f2cec8383,cyclar_data_29a,254,53,2,0.6750255227088928,1095,495,1296,967
7b6f2cec8383,cyclar_data_29a,255,28,2,0.8964745998382568,511,465,794,627
7b6f2cec8383,cyclar_data_29a,255,42,2,0.9363947510719299,0,348,404,820
7b6f2cec8383,cyclar_data_29a,255,53,2,0.8051378726959229,1099,499,1295,967
7b6f2cec8383,cyclar_data_29a,256,28,2,0.8935602903366089,515,465,797,627
7b6f2cec8383,cyclar_data_29a,256,42,2,0.9313639402389526,2,353,407,824
7b6f2cec8383,cyclar_data_29a,256,53,2,0.692085862159729,1104,502,1295,969
7b6f2cec8383,cyclar_data_29a,257,28,2,0.892189085483551,518,465,801,627
7b6f2cec8383,cyclar_data_29a,257,42,2,0.9364175200462341,2,354,410,826
7b6f2cec8383,cyclar_data_29a,257,53,2,0.709701657295227,1108,502,1295,970
7b6f2cec8383,cyclar_data_29a,258,28,2,0.890683650970459,522,464,804,626
7b6f2cec8383,cyclar_data_29a,258,42,2,0.9391596913337708,3,353,414,826
7b6f2cec8383,cyclar_data_29a,258,53,2,0.7201818823814392,1112,500,1295,971
7b6f2cec8383,cyclar_data_29a,259,28,2,0.9031819701194763,526,464,808,626
7b6f2cec8383,cyclar_data_29a,259,42,2,0.9370378255844116,3,353,418,826
7b6f2cec8383,cyclar_data_29a,259,53,2,0.7842550873756409,1116,500,1295,971
7b6f2cec8383,cyclar_data_29a,260,28,2,0.9023664593696594,530,464,813,627
7b6f2cec8383,cyclar_data_29a,260,42,2,0.9336026310920715,3,351,422,825
7b6f2cec8383,cyclar_data_29a,260,53,2,0.7542349100112915,1120,501,1295,971
7b6f2cec8383,cyclar_data_29a,261,28,2,0.895607590675354,535,466,819,628
7b6f2cec8383,cyclar_data_29a,261,42,2,0.9389371275901794,3,354,428,825
7b6f2cec8383,cyclar_data_29a,261,53,2,0.7805684208869934,1124,497,1296,971
7b6f2cec8383,cyclar_data_29a,262,28,2,0.8903883099555969,541,468,825,629
7b6f2cec8383,cyclar_data_29a,262,42,2,0.9275813698768616,3,360,436,828
7b6f2cec8383,cyclar_data_29a,262,53,2,0.7875146865844727,1131,495,1296,969
7b6f2cec8383,cyclar_data_29a,263,28,2,0.898693859577179,548,469,833,630
7b6f2cec8383,cyclar_data_29a,263,42,2,0.9265944957733154,3,366,444,832
7b6f2cec8383,cyclar_data_29a,263,53,2,0.6845195889472961,1139,497,1296,968
7b6f2cec8383,cyclar_data_29a,264,28,2,0.9035547971725464,559,474,844,634
7b6f2cec8383,cyclar_data_29a,264,42,2,0.9321241974830627,4,374,455,839
7b6f2cec8383,cyclar_data_29a,264,53,2,0.5243220329284668,1150,492,1296,969
7b6f2cec8383,cyclar_data_29a,265,28,2,0.9088565707206726,574,479,855,637
7b6f2cec8383,cyclar_data_29a,265,42,2,0.9206835031509399,5,380,468,847
7b6f2cec8383,cyclar_data_29a,265,53,2,0.5679954290390015,1162,492,1296,969
7b6f2cec8383,cyclar_data_29a,266,28,2,0.895793616771698,590,483,871,643
7b6f2cec8383,cyclar_data_29a,266,42,2,0.9156630635261536,7,381,483,849
7b6f2cec8383,cyclar_data_29a,266,53,2,0.47782546281814575,1177,499,1296,972
7b6f2cec8383,cyclar_data_29a,267,28,2,0.8856731653213501,602,488,882,648
7b6f2cec8383,cyclar_data_29a,267,42,2,0.922390878200531,5,386,495,852
7b6f2cec8383,cyclar_data_29a,268,28,2,0.8863489031791687,607,490,887,652
7b6f2cec8383,cyclar_data_29a,268,42,2,0.9246348142623901,1,387,501,853
7b6f2cec8383,cyclar_data_29a,269,28,2,0.8938539028167725,612,491,892,652
7b6f2cec8383,cyclar_data_29a,269,42,2,0.9248979687690735,0,388,506,853
7b6f2cec8383,cyclar_data_29a,270,28,2,0.8718945980072021,616,494,896,654
7b6f2cec8383,cyclar_data_29a,270,42,2,0.9276691675186157,0,396,511,857
7b6f2cec8383,cyclar_data_29a,271,28,2,0.8928943872451782,617,498,898,657
7b6f2cec8383,cyclar_data_29a,271,42,2,0.9240857362747192,0,407,516,866
7b6f2cec8383,cyclar_data_29a,272,28,2,0.8967804312705994,615,501,895,659
7b6f2cec8383,cyclar_data_29a,272,42,2,0.9093499779701233,0,414,514,876
7b6f2cec8383,cyclar_data_29a,273,28,2,0.9013549089431763,609,505,888,663
7b6f2cec8383,cyclar_data_29a,273,42,2,0.9064843654632568,0,418,507,886
7b6f2cec8383,cyclar_data_29a,274,28,2,0.9194409847259521,598,510,876,668
7b6f2cec8383,cyclar_data_29a,274,42,2,0.917191743850708,0,425,497,892
7b6f2cec8383,cyclar_data_29a,275,28,2,0.9084707498550415,583,514,862,671
7b6f2cec8383,cyclar_data_29a,275,42,2,0.9184502959251404,0,434,484,899
7b6f2cec8383,cyclar_data_29a,275,53,2,0.47283849120140076,1185,495,1294,879
7b6f2cec8383,cyclar_data_29a,276,28,2,0.9019200801849365,570,517,846,674
7b6f2cec8383,cyclar_data_29a,276,42,2,0.9320778846740723,0,446,470,908
7b6f2cec8383,cyclar_data_29a,276,53,2,0.6176695227622986,1177,498,1292,876
7b6f2cec8383,cyclar_data_29a,277,28,2,0.8923316597938538,556,518,831,675
7b6f2cec8383,cyclar_data_29a,277,42,2,0.9299979209899902,0,462,459,928
7b6f2cec8383,cyclar_data_29a,277,53,2,0.6839606761932373,1167,499,1291,855
7b6f2cec8383,cyclar_data_29a,278,28,2,0.8971178531646729,542,520,817,676
7b6f2cec8383,cyclar_data_29a,278,42,2,0.9306970238685608,0,483,450,957
7b6f2cec8383,cyclar_data_29a,278,53,2,0.7438713908195496,1159,486,1292,868
7b6f2cec8383,cyclar_data_29a,279,28,2,0.9043728709220886,528,523,801,683
7b6f2cec8383,cyclar_data_29a,279,42,2,0.9425384402275085,0,503,439,971
7b6f2cec8383,cyclar_data_29a,279,53,2,0.7608339190483093,1149,470,1292,873
7b6f2cec8383,cyclar_data_29a,280,28,2,0.8293393850326538,507,527,780,689
7b6f2cec8383,cyclar_data_29a,280,42,2,0.9437413215637207,0,520,421,972
7b6f2cec8383,cyclar_data_29a,280,53,2,0.8392162919044495,1134,453,1289,877
7b6f2cec8383,cyclar_data_29a,281,28,2,0.8982706069946289,481,533,752,697
7b6f2cec8383,cyclar_data_29a,281,42,2,0.9501140117645264,0,537,397,972
7b6f2cec8383,cyclar_data_29a,281,53,2,0.8585911989212036,1111,440,1286,884
7b6f2cec8383,cyclar_data_29a,282,28,2,0.8449889421463013,447,538,715,707
7b6f2cec8383,cyclar_data_29a,282,42,2,0.938757061958313,0,554,369,972
7b6f2cec8383,cyclar_data_29a,282,53,2,0.7186287641525269,1079,429,1281,848
7b6f2cec8383,cyclar_data_29a,283,28,2,0.8954987525939941,408,543,674,716
7b6f2cec8383,cyclar_data_29a,283,42,2,0.9291085600852966,0,567,335,972
7b6f2cec8383,cyclar_data_29a,283,53,2,0.7984061241149902,1040,418,1278,887
7b6f2cec8383,cyclar_data_29a,284,28,2,0.8676157593727112,369,546,632,724
7b6f2cec8383,cyclar_data_29a,284,42,2,0.9126660823822021,0,576,301,972
7b6f2cec8383,cyclar_data_29a,284,53,2,0.836108386516571,1000,412,1276,911
7b6f2cec8383,cyclar_data_29a,285,28,2,0.8825567960739136,332,550,593,729
7b6f2cec8383,cyclar_data_29a,285,42,2,0.8902689218521118,0,582,269,972
7b6f2cec8383,cyclar_data_29a,285,53,2,0.8415993452072144,962,411,1277,945
7b6f2cec8383,cyclar_data_29a,286,28,2,0.9034610390663147,301,557,561,738
7b6f2cec8383,cyclar_data_29a,286,42,2,0.8912469744682312,0,591,246,972
7b6f2cec8383,cyclar_data_29a,286,53,2,0.8371900916099548,929,415,1280,963
7b6f2cec8383,cyclar_data_29a,287,28,2,0.8203239440917969,276,566,534,750
7b6f2cec8383,cyclar_data_29a,287,42,2,0.8263891935348511,0,598,223,972
7b6f2cec8383,cyclar_data_29a,287,53,2,0.8574678301811218,904,425,1283,972
7b6f2cec8383,cyclar_data_29a,288,28,2,0.8797253370285034,254,572,511,757
7b6f2cec8383,cyclar_data_29a,288,42,2,0.8528143763542175,1,604,199,971
7b6f2cec8383,cyclar_data_29a,288,53,2,0.8932037353515625,881,433,1285,972
7b6f2cec8383,cyclar_data_29a,289,28,2,0.824053943157196,238,578,495,762
7b6f2cec8383,cyclar_data_29a,289,42,2,0.7330302596092224,3,609,185,970
7b6f2cec8383,cyclar_data_29a,289,53,2,0.8410540819168091,865,444,1289,972
7b6f2cec8383,cyclar_data_29a,290,28,2,0.759997546672821,228,583,486,765
7b6f2cec8383,cyclar_data_29a,290,42,2,0.7475265264511108,4,616,176,970
7b6f2cec8383,cyclar_data_29a,290,53,2,0.7999772429466248,855,452,1293,972
7b6f2cec8383,cyclar_data_29a,291,28,2,0.8648682236671448,221,587,479,766
7b6f2cec8383,cyclar_data_29a,291,42,2,0.7531042098999023,5,619,166,969
7b6f2cec8383,cyclar_data_29a,291,53,2,0.8745842576026917,849,459,1296,972
7b6f2cec8383,cyclar_data_29a,292,28,2,0.8564853072166443,216,587,477,765
7b6f2cec8383,cyclar_data_29a,292,42,2,0.7187603116035461,5,618,161,968
7b6f2cec8383,cyclar_data_29a,292,53,2,0.8224664926528931,845,464,1296,972
7b6f2cec8383,cyclar_data_29a,293,28,2,0.8270790576934814,215,585,476,762
7b6f2cec8383,cyclar_data_29a,293,42,2,0.6992740631103516,5,615,157,968
7b6f2cec8383,cyclar_data_29a,293,53,2,0.8122223615646362,843,467,1296,972
7b6f2cec8383,cyclar_data_29a,294,28,2,0.8734190464019775,213,583,473,760
7b6f2cec8383,cyclar_data_29a,294,42,2,0.7560522556304932,5,606,153,968
7b6f2cec8383,cyclar_data_29a,294,53,2,0.8553459048271179,841,471,1296,972
7b6f2cec8383,cyclar_data_29a,295,28,2,0.8158283233642578,210,584,471,760
7b6f2cec8383,cyclar_data_29a,295,42,2,0.7196252942085266,4,610,151,969
7b6f2cec8383,cyclar_data_29a,295,53,2,0.8112474083900452,838,478,1296,972
7b6f2cec8383,cyclar_data_29a,296,28,2,0.8066944479942322,205,586,467,762
7b6f2cec8383,cyclar_data_29a,296,42,2,0.7338833808898926,3,612,145,970
7b6f2cec8383,cyclar_data_29a,296,53,2,0.7538889050483704,833,484,1296,972
7b6f2cec8383,cyclar_data_29a,297,28,2,0.893631100654602,197,590,459,764
7b6f2cec8383,cyclar_data_29a,297,42,2,0.7532382011413574,1,620,134,971
7b6f2cec8383,cyclar_data_29a,297,53,2,0.8646618127822876,824,486,1296,972
7b6f2cec8383,cyclar_data_29a,298,28,2,0.8465074896812439,187,592,447,766
7b6f2cec8383,cyclar_data_29a,298,42,2,0.758230984210968,0,628,125,971
7b6f2cec8383,cyclar_data_29a,298,53,2,0.8087027668952942,813,487,1295,972
7b6f2cec8383,cyclar_data_29a,299,28,2,0.8490481972694397,175,594,435,769
7b6f2cec8383,cyclar_data_29a,299,42,2,0.790603756904602,0,642,114,971
7b6f2cec8383,cyclar_data_29a,299,53,2,0.8448412418365479,800,488,1294,971
7b6f2cec8383,cyclar_data_29a,300,28,2,0.8810778260231018,164,598,423,772
7b6f2cec8383,cyclar_data_29a,300,42,2,0.6295636296272278,0,652,106,971
7b6f2cec8383,cyclar_data_29a,300,53,2,0.8582715392112732,787,492,1293,971
7b6f2cec8383,cyclar_data_29a,301,28,2,0.866269588470459,151,602,408,775
7b6f2cec8383,cyclar_data_29a,301,42,2,0.5931040048599243,0,669,93,971
7b6f2cec8383,cyclar_data_29a,301,53,2,0.8659132122993469,773,496,1293,971
7b6f2cec8383,cyclar_data_29a,302,28,2,0.8754814863204956,137,605,394,777
7b6f2cec8383,cyclar_data_29a,302,42,2,0.5517770051956177,0,696,85,971
7b6f2cec8383,cyclar_data_29a,302,53,2,0.6192835569381714,759,491,1292,971
7b6f2cec8383,cyclar_data_29a,303,28,2,0.8751975297927856,127,605,382,779
7b6f2cec8383,cyclar_data_29a,303,53,2,0.635162353515625,745,484,1293,970
7b6f2cec8383,cyclar_data_29a,304,28,2,0.737951934337616,116,602,372,777
7b6f2cec8383,cyclar_data_29a,304,53,2,0.6341735124588013,734,491,1293,970
7b6f2cec8383,cyclar_data_29a,305,28,2,0.841197669506073,108,600,361,774
7b6f2cec8383,cyclar_data_29a,305,53,2,0.5180490612983704,725,492,1294,970
7b6f2cec8383,cyclar_data_29a,306,28,2,0.8472523093223572,102,598,356,774
7b6f2cec8383,cyclar_data_29a,306,53,2,0.7332951426506042,717,501,1295,971
7b6f2cec8383,cyclar_data_29a,307,28,2,0.8814046382904053,97,597,350,773
7b6f2cec8383,cyclar_data_29a,307,53,2,0.7464834451675415,712,509,1296,970
7b6f2cec8383,cyclar_data_29a,308,28,2,0.8680797815322876,94,595,346,770
7b6f2cec8383,cyclar_data_29a,308,53,2,0.7298344969749451,707,512,1296,970
7b6f2cec8383,cyclar_data_29a,309,28,2,0.8719366788864136,89,593,342,770
7b6f2cec8383,cyclar_data_29a,309,53,2,0.8367977738380432,703,515,1296,970
7b6f2cec8383,cyclar_data_29a,310,28,2,0.8637188673019409,86,591,340,767
7b6f2cec8383,cyclar_data_29a,310,53,2,0.7912495136260986,701,516,1296,970
7b6f2cec8383,cyclar_data_29a,311,28,2,0.867917001247406,88,586,342,761
7b6f2cec8383,cyclar_data_29a,311,53,2,0.8452277183532715,702,516,1296,969
7b6f2cec8383,cyclar_data_29a,312,28,2,0.8977338075637817,98,582,352,757
7b6f2cec8383,cyclar_data_29a,312,53,2,0.7644983530044556,712,514,1296,968
7b6f2cec8383,cyclar_data_29a,313,28,2,0.8842381238937378,113,579,370,752
7b6f2cec8383,cyclar_data_29a,313,53,2,0.6068756580352783,729,498,1296,968
7b6f2cec8383,cyclar_data_29a,314,28,2,0.9031463861465454,131,576,389,747
7b6f2cec8383,cyclar_data_29a,314,53,2,0.45088833570480347,749,495,1296,969
7b6f2cec8383,cyclar_data_29a,315,28,2,0.897289514541626,147,577,407,747
7b6f2cec8383,cyclar_data_29a,315,53,2,0.5986626148223877,768,507,1296,969
7b6f2cec8383,cyclar_data_29a,316,28,2,0.9027908444404602,161,581,422,750
7b6f2cec8383,cyclar_data_29a,316,53,2,0.7756361365318298,784,515,1296,970
7b6f2cec8383,cyclar_data_29a,317,28,2,0.8896120190620422,172,582,434,751
7b6f2cec8383,cyclar_data_29a,317,53,2,0.8694422245025635,796,517,1296,969
7b6f2cec8383,cyclar_data_29a,318,28,2,0.8899407982826233,180,582,443,751
7b6f2cec8383,cyclar_data_29a,318,53,2,0.8635936975479126,805,516,1296,968
7b6f2cec8383,cyclar_data_29a,318,64,2,0.7783555388450623,2,605,105,971
7b6f2cec8383,cyclar_data_29a,319,28,2,0.8926683664321899,186,581,450,749
7b6f2cec8383,cyclar_data_29a,319,53,2,0.841997504234314,812,512,1296,968
7b6f2cec8383,cyclar_data_29a,319,64,2,0.7185145020484924,2,592,111,970
7b6f2cec8383,cyclar_data_29a,320,28,2,0.9046000838279724,192,580,456,748
7b6f2cec8383,cyclar_data_29a,320,53,2,0.8253208994865417,819,509,1296,968
7b6f2cec8383,cyclar_data_29a,320,64,2,0.7258331179618835,1,590,118,971
7b6f2cec8383,cyclar_data_29a,321,28,2,0.9118494987487793,197,578,463,745
7b6f2cec8383,cyclar_data_29a,321,53,2,0.7945777177810669,826,505,1295,968
7b6f2cec8383,cyclar_data_29a,321,64,2,0.7792943716049194,1,585,126,970
7b6f2cec8383,cyclar_data_29a,322,28,2,0.8958330154418945,207,576,472,743
7b6f2cec8383,cyclar_data_29a,322,53,2,0.6811144351959229,836,497,1296,966
7b6f2cec8383,cyclar_data_29a,322,64,2,0.7461491823196411,2,575,135,970
7b6f2cec8383,cyclar_data_29a,323,28,2,0.8924846649169922,217,574,485,741
7b6f2cec8383,cyclar_data_29a,323,53,2,0.6650311946868896,848,488,1296,964
7b6f2cec8383,cyclar_data_29a,323,64,2,0.7895622849464417,2,571,145,970
7b6f2cec8383,cyclar_data_29a,324,28,2,0.9057594537734985,230,571,495,738
7b6f2cec8383,cyclar_data_29a,324,53,2,0.8137783408164978,860,479,1296,965
7b6f2cec8383,cyclar_data_29a,324,64,2,0.8418952226638794,2,567,157,970
7b6f2cec8383,cyclar_data_29a,325,28,2,0.9021689891815186,241,569,507,739
7b6f2cec8383,cyclar_data_29a,325,53,2,0.8165073394775391,873,473,1296,967
7b6f2cec8383,cyclar_data_29a,325,64,2,0.8838511109352112,3,563,169,971
7b6f2cec8383,cyclar_data_29a,326,28,2,0.8958286046981812,253,570,519,740
7b6f2cec8383,cyclar_data_29a,326,53,2,0.882209837436676,886,471,1296,969
7b6f2cec8383,cyclar_data_29a,326,64,2,0.8561847805976868,2,547,182,971
7b6f2cec8383,cyclar_data_29a,327,28,2,0.9055017232894897,263,569,529,738
7b6f2cec8383,cyclar_data_29a,327,53,2,0.8753507733345032,896,473,1295,971
7b6f2cec8383,cyclar_data_29a,327,64,2,0.8792192339897156,2,551,191,970
7b6f2cec8383,cyclar_data_29a,328,28,2,0.9127290844917297,273,566,538,736
7b6f2cec8383,cyclar_data_29a,328,53,2,0.8689360022544861,906,475,1294,972
7b6f2cec8383,cyclar_data_29a,328,64,2,0.8825101852416992,1,548,198,969
7b6f2cec8383,cyclar_data_29a,329,28,2,0.9061683416366577,281,562,547,732
7b6f2cec8383,cyclar_data_29a,329,53,2,0.8518595695495605,915,475,1293,972
7b6f2cec8383,cyclar_data_29a,329,64,2,0.8876093626022339,1,541,203,969
7b6f2cec8383,cyclar_data_29a,330,28,2,0.8997526168823242,289,558,556,726
7b6f2cec8383,cyclar_data_29a,330,53,2,0.882112979888916,923,475,1293,971
7b6f2cec8383,cyclar_data_29a,330,64,2,0.894658625125885,0,536,208,968
7b6f2cec8383,cyclar_data_29a,331,28,2,0.8837249279022217,296,553,564,721
7b6f2cec8383,cyclar_data_29a,331,53,2,0.8957738876342773,932,474,1293,971
7b6f2cec8383,cyclar_data_29a,331,64,2,0.8978397846221924,0,530,217,968
7b6f2cec8383,cyclar_data_29a,332,28,2,0.895685613155365,306,547,575,715
7b6f2cec8383,cyclar_data_29a,332,53,2,0.8828132748603821,942,473,1294,969
7b6f2cec8383,cyclar_data_29a,332,64,2,0.9012715220451355,1,521,224,968
7b6f2cec8383,cyclar_data_29a,333,28,2,0.9042049050331116,317,538,586,706
7b6f2cec8383,cyclar_data_29a,333,53,2,0.9005959033966064,953,470,1294,968
7b6f2cec8383,cyclar_data_29a,333,64,2,0.9138901829719543,2,511,232,968
7b6f2cec8383,cyclar_data_29a,334,28,2,0.9010618925094604,326,528,596,696
7b6f2cec8383,cyclar_data_29a,334,53,2,0.9227370619773865,962,466,1295,968
7b6f2cec8383,cyclar_data_29a,334,64,2,0.9229997992515564,1,502,240,967
7b6f2cec8383,cyclar_data_29a,335,28,2,0.9062897562980652,335,518,606,686
7b6f2cec8383,cyclar_data_29a,335,53,2,0.9114792346954346,970,459,1295,966
7b6f2cec8383,cyclar_data_29a,335,64,2,0.9246748089790344,1,494,248,965
7b6f2cec8383,cyclar_data_29a,336,28,2,0.888617992401123,340,510,612,677
7b6f2cec8383,cyclar_data_29a,336,53,2,0.9060124754905701,976,453,1294,965
7b6f2cec8383,cyclar_data_29a,336,64,2,0.9235446453094482,0,489,255,964
7b6f2cec8383,cyclar_data_29a,337,28,2,0.9024633765220642,344,505,616,672
7b6f2cec8383,cyclar_data_29a,337,53,2,0.8769322633743286,979,450,1293,965
7b6f2cec8383,cyclar_data_29a,337,64,2,0.9087228775024414,0,485,259,964
7b6f2cec8383,cyclar_data_29a,338,28,2,0.9104773998260498,346,503,618,668
7b6f2cec8383,cyclar_data_29a,338,53,2,0.75430828332901,981,448,1292,967
7b6f2cec8383,cyclar_data_29a,338,64,2,0.9059534668922424,0,484,260,965
7b6f2cec8383,cyclar_data_29a,339,28,2,0.9093659520149231,346,501,619,666
7b6f2cec8383,cyclar_data_29a,339,53,2,0.7354722619056702,981,447,1291,969
7b6f2cec8383,cyclar_data_29a,339,64,2,0.9007019996643066,0,484,260,966
7b6f2cec8383,cyclar_data_29a,340,28,2,0.913048267364502,347,503,619,668
7b6f2cec8383,cyclar_data_29a,340,53,2,0.804052472114563,982,449,1292,970
7b6f2cec8383,cyclar_data_29a,340,64,2,0.899895191192627,0,486,261,967
7b6f2cec8383,cyclar_data_29a,341,28,2,0.902839720249176,348,506,620,671
7b6f2cec8383,cyclar_data_29a,341,53,2,0.8885030746459961,984,451,1292,968
7b6f2cec8383,cyclar_data_29a,341,64,2,0.9062371850013733,0,488,262,968
7b6f2cec8383,cyclar_data_29a,342,28,2,0.9046869277954102,347,506,619,673
7b6f2cec8383,cyclar_data_29a,342,53,2,0.8880953788757324,984,452,1292,966
7b6f2cec8383,cyclar_data_29a,342,64,2,0.9132526516914368,0,488,261,968
7b6f2cec8383,cyclar_data_29a,343,28,2,0.8919157981872559,346,506,617,673
7b6f2cec8383,cyclar_data_29a,343,53,2,0.8820323944091797,982,450,1292,965
7b6f2cec8383,cyclar_data_29a,343,64,2,0.9041592478752136,0,489,260,967
7b6f2cec8383,cyclar_data_29a,344,28,2,0.9053972959518433,345,505,615,672
7b6f2cec8383,cyclar_data_29a,344,53,2,0.8489696383476257,980,448,1292,963
7b6f2cec8383,cyclar_data_29a,344,64,2,0.9050583243370056,0,489,258,967
