run_id,video_id,frame_idx,track_id,cls_id,conf,x1,y1,x2,y2
0a96b25258b0,cyclar_data_5,486,102,7,0.40601488947868347,630,458,1287,972
0a96b25258b0,cyclar_data_5,510,81,7,0.8520956635475159,767,630,1083,833
0a96b25258b0,cyclar_data_5,514,81,7,0.769716739654541,832,609,1192,834
0a96b25258b0,cyclar_data_5,515,81,7,0.8122000098228455,829,592,1208,828
0a96b25258b0,cyclar_data_5,516,81,7,0.8263821005821228,825,579,1217,824
0a96b25258b0,cyclar_data_5,517,81,7,0.7173734903335571,823,572,1227,819
0a96b25258b0,cyclar_data_5,518,81,7,0.739510178565979,824,561,1240,816
0a96b25258b0,cyclar_data_5,519,81,7,0.5355559587478638,825,545,1255,816
0a96b25258b0,cyclar_data_5,520,81,7,0.7782178521156311,826,547,1268,821
0a96b25258b0,cyclar_data_5,521,81,7,0.7194085717201233,826,550,1280,829
0a96b25258b0,cyclar_data_5,522,81,7,0.5167441368103027,831,453,1294,831
0a96b25258b0,cyclar_data_5,523,81,7,0.6170468926429749,841,412,1296,826
0a96b25258b0,cyclar_data_5,524,81,7,0.74610835313797,857,456,1296,823
0a96b25258b0,cyclar_data_5,530,81,7,0.41925981640815735,782,378,1296,815
0a96b25258b0,cyclar_data_5,545,120,7,0.45654982328414917,1075,370,1294,773
0a96b25258b0,cyclar_data_5,570,134,7,0.8514487743377686,908,203,1283,758
0a96b25258b0,cyclar_data_5,571,134,7,0.7611879110336304,888,213,1283,735
0a96b25258b0,cyclar_data_5,572,134,7,0.5138817429542542,904,227,1292,731
0a96b25258b0,cyclar_data_5,573,134,7,0.6278455257415771,931,241,1296,731
0a96b25258b0,cyclar_data_5,574,134,7,0.48013997077941895,954,240,1296,730
0a96b25258b0,cyclar_data_5,616,104,2,0.7664498090744019,1063,531,1296,743
0a96b25258b0,cyclar_data_5,740,115,2,0.7426362633705139,963,521,1296,722
0a96b25258b0,cyclar_data_5,742,191,2,0.666560173034668,983,491,1295,734
0a96b25258b0,cyclar_data_5,743,191,2,0.6752841472625732,993,494,1295,739
0a96b25258b0,cyclar_data_5,744,191,2,0.7697514891624451,1006,524,1295,742
0a96b25258b0,cyclar_data_5,745,191,2,0.725746750831604,1017,502,1294,747
0a96b25258b0,cyclar_data_5,746,191,2,0.6732574105262756,1030,493,1295,748
0a96b25258b0,cyclar_data_5,747,191,2,0.7147570252418518,1045,488,1296,730
0a96b25258b0,cyclar_data_5,748,191,2,0.7123503088951111,1066,484,1296,714
0a96b25258b0,cyclar_data_5,749,191,2,0.47858142852783203,1083,488,1296,710
0a96b25258b0,cyclar_data_5,750,191,2,0.4607710540294647,1111,488,1296,709
0a96b25258b0,cyclar_data_5,751,191,2,0.5476915240287781,1128,487,1294,707
0a96b25258b0,cyclar_data_5,752,191,2,0.49787604808807373,1137,487,1294,704
0a96b25258b0,cyclar_data_5,753,191,2,0.47560209035873413,1149,490,1294,701
0a96b25258b0,cyclar_data_5,754,191,2,0.5342081189155579,1166,493,1294,702
0a96b25258b0,cyclar_data_5,789,199,5,0.47776132822036743,1085,484,1295,694
0a96b25258b0,cyclar_data_5,790,199,5,0.7391878366470337,1082,494,1294,715
0a96b25258b0,cyclar_data_5,791,199,5,0.6053070425987244,1078,493,1293,727
0a96b25258b0,cyclar_data_5,792,199,5,0.46193304657936096,1071,494,1292,736
0a96b25258b0,cyclar_data_5,795,199,5,0.4610663652420044,1050,485,1292,750
0a96b25258b0,cyclar_data_5,796,199,5,0.43568864464759827,1047,481,1293,746
0a96b25258b0,cyclar_data_5,797,199,5,0.49636903405189514,1043,475,1295,737
0a96b25258b0,cyclar_data_5,834,151,2,0.6770519018173218,1009,524,1296,731
0a96b25258b0,cyclar_data_5,835,151,2,0.6817430257797241,1021,502,1296,733
0a96b25258b0,cyclar_data_5,836,151,2,0.6308441162109375,1032,493,1296,739
0a96b25258b0,cyclar_data_5,837,151,2,0.4705488383769989,1043,490,1296,744
0a96b25258b0,cyclar_data_5,839,151,2,0.7312030792236328,1060,491,1296,743
0a96b25258b0,cyclar_data_5,840,151,2,0.6552920341491699,1068,493,1296,742
0a96b25258b0,cyclar_data_5,841,151,2,0.5848037600517273,1078,496,1295,744
0a96b25258b0,cyclar_data_5,842,151,2,0.46153688430786133,1087,500,1295,735
0a96b25258b0,cyclar_data_5,936,240,2,0.7934454083442688,1161,633,1294,969
0a96b25258b0,cyclar_data_5,937,240,2,0.8693796992301941,1141,627,1294,967
0a96b25258b0,cyclar_data_5,938,240,2,0.6963745951652527,1120,614,1294,963
0a96b25258b0,cyclar_data_5,939,240,2,0.4402286410331726,1098,526,1295,948
0a96b25258b0,cyclar_data_5,940,240,2,0.7889750003814697,1069,492,1296,933
0a96b25258b0,cyclar_data_5,941,240,2,0.8296045660972595,1059,483,1295,915
0a96b25258b0,cyclar_data_5,942,240,2,0.7783139944076538,1045,481,1295,907
0a96b25258b0,cyclar_data_5,943,240,2,0.8701808452606201,1035,485,1294,907
0a96b25258b0,cyclar_data_5,944,240,2,0.8516464829444885,1023,488,1293,914
0a96b25258b0,cyclar_data_5,945,240,2,0.8317932486534119,1010,485,1294,918
0a96b25258b0,cyclar_data_5,946,240,2,0.8190354704856873,998,486,1295,916
0a96b25258b0,cyclar_data_5,947,240,2,0.7638186812400818,983,490,1292,916
0a96b25258b0,cyclar_data_5,948,240,2,0.5982151031494141,972,490,1292,946
0a96b25258b0,cyclar_data_5,949,240,2,0.7767150402069092,961,494,1293,930
0a96b25258b0,cyclar_data_5,950,240,2,0.8214682340621948,950,496,1292,917
0a96b25258b0,cyclar_data_5,951,240,2,0.837052583694458,940,510,1292,925
0a96b25258b0,cyclar_data_5,952,240,2,0.8329954147338867,931,507,1293,929
0a96b25258b0,cyclar_data_5,953,240,2,0.8905240297317505,924,501,1294,927
0a96b25258b0,cyclar_data_5,954,240,2,0.9020949602127075,916,507,1294,948
0a96b25258b0,cyclar_data_5,955,240,2,0.9024317264556885,907,500,1293,953
0a96b25258b0,cyclar_data_5,956,240,2,0.9069401025772095,899,496,1293,951
0a96b25258b0,cyclar_data_5,957,240,2,0.9005420804023743,891,497,1293,941
0a96b25258b0,cyclar_data_5,958,240,2,0.8840551376342773,882,506,1294,931
0a96b25258b0,cyclar_data_5,959,240,2,0.9094042778015137,873,513,1294,920
0a96b25258b0,cyclar_data_5,960,240,2,0.8981825113296509,866,509,1294,910
0a96b25258b0,cyclar_data_5,961,240,2,0.9144082069396973,858,543,1293,896
0a96b25258b0,cyclar_data_5,962,240,2,0.9120721220970154,850,560,1290,879
0a96b25258b0,cyclar_data_5,963,240,2,0.9085049033164978,844,568,1290,869
0a96b25258b0,cyclar_data_5,964,240,2,0.9000951647758484,834,582,1286,853
0a96b25258b0,cyclar_data_5,965,240,2,0.9276595115661621,826,592,1278,847
0a96b25258b0,cyclar_data_5,966,240,2,0.914767861366272,822,594,1269,863
0a96b25258b0,cyclar_data_5,967,240,2,0.9347832202911377,817,593,1255,842
0a96b25258b0,cyclar_data_5,968,240,2,0.9308363795280457,812,588,1239,828
0a96b25258b0,cyclar_data_5,969,240,2,0.9287121295928955,807,581,1218,812
0a96b25258b0,cyclar_data_5,970,240,2,0.9224181175231934,808,576,1209,798
0a96b25258b0,cyclar_data_5,971,240,2,0.9166024327278137,808,577,1193,793
0a96b25258b0,cyclar_data_5,972,240,2,0.9163383841514587,810,581,1183,794
0a96b25258b0,cyclar_data_5,973,240,2,0.9142998456954956,812,585,1175,793
0a96b25258b0,cyclar_data_5,974,240,2,0.8956440687179565,810,592,1163,797
0a96b25258b0,cyclar_data_5,975,240,2,0.894154965877533,808,599,1152,799
0a96b25258b0,cyclar_data_5,1102,269,2,0.7391603589057922,1175,584,1294,962
0a96b25258b0,cyclar_data_5,1103,269,2,0.5201496481895447,1150,587,1291,952
0a96b25258b0,cyclar_data_5,1104,269,2,0.6817560195922852,1111,511,1287,945
0a96b25258b0,cyclar_data_5,1105,269,2,0.7325546741485596,1069,487,1282,942
0a96b25258b0,cyclar_data_5,1106,269,2,0.7403239607810974,1006,483,1278,947
0a96b25258b0,cyclar_data_5,1107,269,2,0.8530920147895813,949,491,1276,962
0a96b25258b0,cyclar_data_5,1108,269,2,0.8905264735221863,900,484,1279,965
0a96b25258b0,cyclar_data_5,1109,269,2,0.8821839690208435,867,483,1289,962
0a96b25258b0,cyclar_data_5,1110,269,2,0.9077673554420471,848,487,1296,960
0a96b25258b0,cyclar_data_5,1111,269,2,0.8997290134429932,836,487,1296,960
0a96b25258b0,cyclar_data_5,1112,269,2,0.865966260433197,827,533,1296,962
0a96b25258b0,cyclar_data_5,1113,269,2,0.870910108089447,813,561,1296,968
0a96b25258b0,cyclar_data_5,1114,269,2,0.895632266998291,793,591,1296,972
0a96b25258b0,cyclar_data_5,1115,269,2,0.9083845615386963,774,609,1296,972
0a96b25258b0,cyclar_data_5,1116,269,2,0.8272271752357483,755,628,1296,972
0a96b25258b0,cyclar_data_5,1117,269,2,0.8318995237350464,737,611,1296,972
0a96b25258b0,cyclar_data_5,1118,269,2,0.8677573800086975,722,626,1296,969
0a96b25258b0,cyclar_data_5,1119,269,2,0.8653558492660522,707,625,1296,964
0a96b25258b0,cyclar_data_5,1120,269,2,0.9170081615447998,688,623,1296,965
0a96b25258b0,cyclar_data_5,1121,269,2,0.9146550893783569,664,622,1292,967
0a96b25258b0,cyclar_data_5,1122,269,2,0.9304088354110718,636,621,1270,969
0a96b25258b0,cyclar_data_5,1123,269,2,0.9290283918380737,607,633,1237,972
0a96b25258b0,cyclar_data_5,1124,269,2,0.9386628270149231,585,642,1200,972
0a96b25258b0,cyclar_data_5,1125,269,2,0.9241611361503601,571,647,1168,972
0a96b25258b0,cyclar_data_5,1126,269,2,0.9254848957061768,564,648,1139,968
0a96b25258b0,cyclar_data_5,1127,269,2,0.9293729066848755,561,643,1115,955
0a96b25258b0,cyclar_data_5,1128,269,2,0.9209464192390442,559,639,1086,937
0a96b25258b0,cyclar_data_5,1129,269,2,0.9289480447769165,558,637,1064,922
0a96b25258b0,cyclar_data_5,1130,269,2,0.9278171062469482,558,637,1047,910
0a96b25258b0,cyclar_data_5,1131,269,2,0.9279085397720337,561,640,1033,903
0a96b25258b0,cyclar_data_5,1132,269,2,0.9234642386436462,570,650,1024,903
0a96b25258b0,cyclar_data_5,1133,269,2,0.9358649849891663,578,655,1014,902
0a96b25258b0,cyclar_data_5,1134,269,2,0.9319313764572144,584,657,1004,895
0a96b25258b0,cyclar_data_5,1135,269,2,0.9193366765975952,582,659,995,890
0a96b25258b0,cyclar_data_5,1136,269,2,0.9230777025222778,587,659,984,882
0a96b25258b0,cyclar_data_5,1137,269,2,0.9313757419586182,589,659,972,874
0a96b25258b0,cyclar_data_5,1138,269,2,0.9166265726089478,591,657,962,867
0a96b25258b0,cyclar_data_5,1139,269,2,0.9175109267234802,594,655,952,860
0a96b25258b0,cyclar_data_5,1139,281,2,0.7371049523353577,1170,590,1295,967
0a96b25258b0,cyclar_data_5,1140,281,2,0.46182286739349365,1138,569,1293,970
0a96b25258b0,cyclar_data_5,1142,281,2,0.7611585259437561,995,502,1289,971
0a96b25258b0,cyclar_data_5,1143,281,2,0.8668404221534729,959,492,1284,971
0a96b25258b0,cyclar_data_5,1144,281,2,0.8576731085777283,952,489,1283,971
0a96b25258b0,cyclar_data_5,1145,281,2,0.9201183915138245,937,486,1285,970
0a96b25258b0,cyclar_data_5,1146,281,2,0.9247968792915344,909,488,1287,970
0a96b25258b0,cyclar_data_5,1147,281,2,0.9041978716850281,899,490,1288,968
0a96b25258b0,cyclar_data_5,1148,281,2,0.8875697255134583,882,489,1288,967
0a96b25258b0,cyclar_data_5,1149,281,2,0.9079092144966125,863,489,1289,967
0a96b25258b0,cyclar_data_5,1150,281,2,0.9330215454101562,845,491,1291,966
0a96b25258b0,cyclar_data_5,1151,281,2,0.9239568710327148,825,492,1290,966
0a96b25258b0,cyclar_data_5,1152,281,2,0.9150614142417908,809,490,1292,968
0a96b25258b0,cyclar_data_5,1153,281,2,0.8915659189224243,792,508,1292,969
0a96b25258b0,cyclar_data_5,1154,281,2,0.8815869092941284,778,495,1292,968
0a96b25258b0,cyclar_data_5,1155,281,2,0.8998671174049377,766,519,1293,968
0a96b25258b0,cyclar_data_5,1156,281,2,0.9149777293205261,754,502,1294,968
0a96b25258b0,cyclar_data_5,1157,281,2,0.9089622497558594,741,532,1294,966
0a96b25258b0,cyclar_data_5,1158,281,2,0.9143696427345276,730,507,1294,966
0a96b25258b0,cyclar_data_5,1159,281,2,0.9154292345046997,719,501,1293,967
0a96b25258b0,cyclar_data_5,1160,281,2,0.882678747177124,711,491,1294,969
0a96b25258b0,cyclar_data_5,1161,281,2,0.851457417011261,700,521,1292,969
0a96b25258b0,cyclar_data_5,1162,281,2,0.8902535438537598,689,558,1293,970
0a96b25258b0,cyclar_data_5,1163,281,2,0.824332594871521,680,575,1293,972
0a96b25258b0,cyclar_data_5,1164,281,2,0.841935396194458,672,583,1293,972
0a96b25258b0,cyclar_data_5,1165,281,2,0.7967615723609924,666,587,1293,970
0a96b25258b0,cyclar_data_5,1166,281,2,0.9096718430519104,663,593,1277,971
0a96b25258b0,cyclar_data_5,1167,281,2,0.9026387929916382,663,600,1256,971
0a96b25258b0,cyclar_data_5,1168,281,2,0.9406139850616455,661,608,1235,962
0a96b25258b0,cyclar_data_5,1169,281,2,0.9282625913619995,659,614,1211,955
0a96b25258b0,cyclar_data_5,1170,281,2,0.9214501976966858,654,618,1186,943
0a96b25258b0,cyclar_data_5,1171,281,2,0.9132562875747681,648,622,1159,932
0a96b25258b0,cyclar_data_5,1172,281,2,0.9182960987091064,641,628,1132,926
0a96b25258b0,cyclar_data_5,1173,281,2,0.9161920547485352,635,635,1097,922
0a96b25258b0,cyclar_data_5,1174,281,2,0.9350626468658447,629,645,1071,923
0a96b25258b0,cyclar_data_5,1175,281,2,0.9302785396575928,624,654,1053,921
0a96b25258b0,cyclar_data_5,1176,281,2,0.9245365858078003,619,658,1042,915
0a96b25258b0,cyclar_data_5,1177,281,2,0.9226006269454956,614,657,1026,905
0a96b25258b0,cyclar_data_5,1178,281,2,0.9306195378303528,608,655,1008,893
0a96b25258b0,cyclar_data_5,1179,281,2,0.9360031485557556,604,655,992,884
0a96b25258b0,cyclar_data_5,1180,281,2,0.9422981142997742,602,657,978,879
0a96b25258b0,cyclar_data_5,1181,281,2,0.9208992719650269,601,660,966,875
0a96b25258b0,cyclar_data_5,1182,281,2,0.903276801109314,600,662,951,872
0a96b25258b0,cyclar_data_5,1183,281,2,0.9152546525001526,597,662,937,867
0a96b25258b0,cyclar_data_5,1184,281,2,0.9354975819587708,595,656,924,856
0a96b25258b0,cyclar_data_5,1184,295,7,0.6253560781478882,980,480,1294,966
0a96b25258b0,cyclar_data_5,1185,295,7,0.6250593662261963,956,474,1293,966
0a96b25258b0,cyclar_data_5,1186,295,7,0.6665670871734619,931,471,1293,968
0a96b25258b0,cyclar_data_5,1186,298,2,0.4942181706428528,930,471,1293,967
0a96b25258b0,cyclar_data_5,1187,295,2,0.6241388320922852,906,474,1293,970
0a96b25258b0,cyclar_data_5,1187,298,7,0.5053691864013672,909,472,1292,965
0a96b25258b0,cyclar_data_5,1189,295,7,0.6157882213592529,874,461,1294,937
0a96b25258b0,cyclar_data_5,1190,295,7,0.5248064398765564,870,445,1296,918
0a96b25258b0,cyclar_data_5,1191,295,5,0.8684110641479492,873,436,1296,901
0a96b25258b0,cyclar_data_5,1192,295,5,0.830898642539978,876,436,1296,891
0a96b25258b0,cyclar_data_5,1193,295,5,0.6803315281867981,875,442,1296,884
0a96b25258b0,cyclar_data_5,1194,295,2,0.6457053422927856,870,455,1294,880
0a96b25258b0,cyclar_data_5,1194,303,5,0.46822255849838257,870,457,1295,878
0a96b25258b0,cyclar_data_5,1196,295,2,0.7254763841629028,850,477,1291,871
0a96b25258b0,cyclar_data_5,1197,295,2,0.8608649373054504,842,495,1290,873
0a96b25258b0,cyclar_data_5,1198,295,2,0.7928950786590576,838,494,1293,894
0a96b25258b0,cyclar_data_5,1199,295,2,0.7712939977645874,837,500,1294,929
0a96b25258b0,cyclar_data_5,1200,295,2,0.6273654699325562,834,510,1293,950
0a96b25258b0,cyclar_data_5,1201,295,2,0.5675804615020752,827,516,1291,964
0a96b25258b0,cyclar_data_5,1202,295,2,0.7367922067642212,815,541,1287,972
0a96b25258b0,cyclar_data_5,1203,295,2,0.5366528034210205,798,562,1284,972
0a96b25258b0,cyclar_data_5,1204,295,7,0.6583757996559143,782,552,1285,972
0a96b25258b0,cyclar_data_5,1204,308,2,0.4458656907081604,784,570,1290,971
0a96b25258b0,cyclar_data_5,1205,295,7,0.40882056951522827,767,554,1285,972
0a96b25258b0,cyclar_data_5,1205,308,2,0.6299806237220764,768,589,1289,972
0a96b25258b0,cyclar_data_5,1207,295,7,0.6830588579177856,728,595,1283,951
0a96b25258b0,cyclar_data_5,1208,295,7,0.8369981646537781,709,604,1267,938
0a96b25258b0,cyclar_data_5,1209,295,7,0.7460809946060181,686,603,1239,933
0a96b25258b0,cyclar_data_5,1210,295,7,0.8912796974182129,660,609,1202,928
0a96b25258b0,cyclar_data_5,1210,310,2,0.7403156161308289,1059,494,1289,704
0a96b25258b0,cyclar_data_5,1211,295,2,0.5202683210372925,626,613,1143,922
0a96b25258b0,cyclar_data_5,1211,310,2,0.7964177131652832,1044,493,1286,705
0a96b25258b0,cyclar_data_5,1212,295,7,0.6212033033370972,595,612,1086,913
0a96b25258b0,cyclar_data_5,1212,310,2,0.7736222147941589,1034,496,1287,701
0a96b25258b0,cyclar_data_5,1212,311,2,0.5761324167251587,594,610,1080,911
0a96b25258b0,cyclar_data_5,1213,310,2,0.6711682081222534,1034,497,1292,705
0a96b25258b0,cyclar_data_5,1214,295,2,0.6939214468002319,575,605,1046,885
0a96b25258b0,cyclar_data_5,1215,295,7,0.7582882046699524,577,598,1036,867
0a96b25258b0,cyclar_data_5,1216,295,7,0.7567791938781738,582,593,1027,852
0a96b25258b0,cyclar_data_5,1217,295,7,0.6002626419067383,584,593,1015,845
0a96b25258b0,cyclar_data_5,1218,295,2,0.6818668842315674,587,594,1001,841
0a96b25258b0,cyclar_data_5,1219,295,2,0.6140561103820801,587,596,986,836
0a96b25258b0,cyclar_data_5,1220,295,7,0.576030969619751,587,599,975,833
0a96b25258b0,cyclar_data_5,1221,295,7,0.5305767059326172,590,601,963,829
0a96b25258b0,cyclar_data_5,1221,317,2,0.4532023072242737,590,600,965,830
0a96b25258b0,cyclar_data_5,1222,295,2,0.614248514175415,592,599,953,825
0a96b25258b0,cyclar_data_5,1222,317,7,0.45502594113349915,592,599,955,824
0a96b25258b0,cyclar_data_5,1223,295,7,0.6262662410736084,593,597,943,819
0a96b25258b0,cyclar_data_5,1224,295,2,0.7581712007522583,597,595,934,814
0a96b25258b0,cyclar_data_5,1225,295,2,0.7834002375602722,598,596,924,812
0a96b25258b0,cyclar_data_5,1226,295,2,0.7656121850013733,600,597,914,811
0a96b25258b0,cyclar_data_5,1227,295,2,0.591780424118042,602,598,908,810
0a96b25258b0,cyclar_data_5,1228,295,2,0.5221940875053406,604,597,902,806
0a96b25258b0,cyclar_data_5,1228,318,7,0.4992254972457886,604,598,903,804
0a96b25258b0,cyclar_data_5,1229,295,7,0.6274391412734985,607,597,894,801
0a96b25258b0,cyclar_data_5,1276,329,2,0.4868740439414978,726,569,1077,769
0a96b25258b0,cyclar_data_5,1277,319,7,0.7299317121505737,742,566,1098,767
0a96b25258b0,cyclar_data_5,1278,319,7,0.7403516173362732,763,560,1120,764
0a96b25258b0,cyclar_data_5,1279,319,7,0.7564924359321594,786,549,1144,760
0a96b25258b0,cyclar_data_5,1280,319,7,0.7800410985946655,813,539,1171,753
0a96b25258b0,cyclar_data_5,1281,319,7,0.7347158789634705,839,533,1205,751
0a96b25258b0,cyclar_data_5,1282,319,7,0.7060090899467468,863,528,1260,742
0a96b25258b0,cyclar_data_5,1283,319,7,0.8153795599937439,889,527,1288,749
0a96b25258b0,cyclar_data_5,1284,319,7,0.8284929394721985,916,525,1296,757
0a96b25258b0,cyclar_data_5,1285,319,7,0.7982913851737976,948,515,1296,758
0a96b25258b0,cyclar_data_5,1286,319,7,0.723322331905365,980,499,1296,757
0a96b25258b0,cyclar_data_5,1287,319,7,0.7051626443862915,1007,484,1296,759
0a96b25258b0,cyclar_data_5,1288,319,7,0.6001587510108948,1031,489,1296,760
0a96b25258b0,cyclar_data_5,1289,319,2,0.468749076128006,1050,481,1296,748
0a96b25258b0,cyclar_data_5,1296,319,7,0.417360782623291,1114,476,1295,746
0a96b25258b0,cyclar_data_5,1300,319,7,0.43864625692367554,1115,480,1293,758
0a96b25258b0,cyclar_data_5,1301,319,7,0.5285159349441528,1115,480,1293,761
0a96b25258b0,cyclar_data_5,1302,319,7,0.6447659134864807,1116,481,1293,765
0a96b25258b0,cyclar_data_5,1303,319,7,0.6670013070106506,1117,479,1293,765
0a96b25258b0,cyclar_data_5,1304,319,7,0.6657750010490417,1120,478,1294,763
0a96b25258b0,cyclar_data_5,1305,319,7,0.6584242582321167,1119,471,1293,760
0a96b25258b0,cyclar_data_5,1306,319,7,0.648218035697937,1120,464,1293,760
0a96b25258b0,cyclar_data_5,1307,319,7,0.5988140106201172,1121,461,1293,760
0a96b25258b0,cyclar_data_5,1308,319,7,0.6025708317756653,1125,459,1293,759
0a96b25258b0,cyclar_data_5,1309,319,7,0.4743327498435974,1133,459,1295,759
0a96b25258b0,cyclar_data_5,1334,342,2,0.7350308299064636,1143,601,1291,938
0a96b25258b0,cyclar_data_5,1335,342,2,0.5917707085609436,1112,548,1289,925
0a96b25258b0,cyclar_data_5,1336,342,2,0.7739048004150391,1070,503,1289,922
0a96b25258b0,cyclar_data_5,1337,342,2,0.8168777227401733,1037,484,1290,919
0a96b25258b0,cyclar_data_5,1338,342,2,0.8534525632858276,1005,474,1294,912
0a96b25258b0,cyclar_data_5,1339,342,2,0.8397016525268555,982,474,1296,903
0a96b25258b0,cyclar_data_5,1340,342,2,0.8900493383407593,963,475,1296,898
0a96b25258b0,cyclar_data_5,1341,342,2,0.8662862181663513,943,481,1296,894
0a96b25258b0,cyclar_data_5,1342,342,2,0.8404487371444702,921,484,1296,900
0a96b25258b0,cyclar_data_5,1343,342,2,0.8403667211532593,902,495,1296,909
0a96b25258b0,cyclar_data_5,1344,342,2,0.7803700566291809,882,537,1296,917
0a96b25258b0,cyclar_data_5,1345,342,2,0.7279870510101318,863,578,1296,926
0a96b25258b0,cyclar_data_5,1346,342,2,0.8464327454566956,846,561,1296,932
0a96b25258b0,cyclar_data_5,1347,342,2,0.8289656043052673,829,515,1296,947
0a96b25258b0,cyclar_data_5,1348,342,2,0.7915969491004944,812,531,1296,960
0a96b25258b0,cyclar_data_5,1349,342,2,0.8587183952331543,793,506,1295,965
0a96b25258b0,cyclar_data_5,1350,342,2,0.8373368382453918,780,562,1296,965
0a96b25258b0,cyclar_data_5,1351,342,2,0.8738006949424744,773,510,1296,960
0a96b25258b0,cyclar_data_5,1352,342,2,0.8210250735282898,768,499,1296,957
0a96b25258b0,cyclar_data_5,1353,342,2,0.8828477263450623,764,483,1296,953
0a96b25258b0,cyclar_data_5,1354,342,2,0.7880516648292542,760,558,1296,944
0a96b25258b0,cyclar_data_5,1355,342,2,0.8476239442825317,760,594,1296,933
0a96b25258b0,cyclar_data_5,1356,342,2,0.861088216304779,763,602,1296,922
0a96b25258b0,cyclar_data_5,1357,342,2,0.8390754461288452,769,607,1296,911
0a96b25258b0,cyclar_data_5,1358,342,2,0.8744765520095825,775,611,1296,904
0a96b25258b0,cyclar_data_5,1359,342,2,0.9066937565803528,776,611,1296,896
0a96b25258b0,cyclar_data_5,1360,342,2,0.9133404493331909,775,609,1293,883
0a96b25258b0,cyclar_data_5,1361,342,2,0.9175119400024414,774,607,1280,869
0a96b25258b0,cyclar_data_5,1362,342,2,0.9065874218940735,774,601,1266,852
0a96b25258b0,cyclar_data_5,1363,342,2,0.8941183686256409,776,596,1250,841
0a96b25258b0,cyclar_data_5,1364,342,2,0.854263186454773,773,594,1235,838
0a96b25258b0,cyclar_data_5,1365,342,2,0.9007959365844727,765,596,1209,841
0a96b25258b0,cyclar_data_5,1366,342,2,0.8400605916976929,752,605,1180,843
0a96b25258b0,cyclar_data_5,1367,342,2,0.8919177055358887,736,613,1129,842
0a96b25258b0,cyclar_data_5,1368,342,2,0.896591305732727,722,619,1100,838
0a96b25258b0,cyclar_data_5,1369,342,2,0.9175311326980591,711,618,1071,828
0a96b25258b0,cyclar_data_5,1369,347,2,0.7615888118743896,1036,460,1291,969
0a96b25258b0,cyclar_data_5,1370,342,2,0.9122540354728699,702,617,1036,821
0a96b25258b0,cyclar_data_5,1370,347,2,0.6930299997329712,1004,457,1289,969
0a96b25258b0,cyclar_data_5,1370,349,7,0.4754285514354706,1003,453,1291,970
0a96b25258b0,cyclar_data_5,1371,347,2,0.6848952174186707,971,453,1291,968
0a96b25258b0,cyclar_data_5,1371,349,7,0.5159841775894165,974,450,1290,968
0a96b25258b0,cyclar_data_5,1372,347,2,0.7961474657058716,950,451,1293,969
0a96b25258b0,cyclar_data_5,1373,347,2,0.6038258075714111,928,461,1293,972
0a96b25258b0,cyclar_data_5,1374,347,2,0.7528888583183289,909,475,1293,972
0a96b25258b0,cyclar_data_5,1374,350,7,0.5229371190071106,909,474,1292,972
0a96b25258b0,cyclar_data_5,1375,347,2,0.7277185916900635,888,480,1293,972
0a96b25258b0,cyclar_data_5,1375,350,7,0.4559142589569092,889,482,1291,972
0a96b25258b0,cyclar_data_5,1376,347,2,0.7782853841781616,864,484,1293,972
0a96b25258b0,cyclar_data_5,1377,347,2,0.774723470211029,842,488,1292,969
0a96b25258b0,cyclar_data_5,1378,347,2,0.8156417012214661,823,492,1292,967
0a96b25258b0,cyclar_data_5,1379,347,2,0.7982031106948853,805,496,1293,966
0a96b25258b0,cyclar_data_5,1380,347,2,0.6183927655220032,787,487,1292,966
0a96b25258b0,cyclar_data_5,1381,347,7,0.620500922203064,775,497,1292,967
0a96b25258b0,cyclar_data_5,1381,352,2,0.536393940448761,779,492,1291,969
0a96b25258b0,cyclar_data_5,1382,347,2,0.6378672122955322,764,498,1296,968
0a96b25258b0,cyclar_data_5,1382,352,7,0.5924418568611145,768,502,1292,968
0a96b25258b0,cyclar_data_5,1383,347,2,0.6887940764427185,751,498,1295,967
0a96b25258b0,cyclar_data_5,1383,352,7,0.47069886326789856,754,511,1292,967
0a96b25258b0,cyclar_data_5,1384,347,7,0.5510279536247253,740,500,1295,966
0a96b25258b0,cyclar_data_5,1384,352,2,0.6448333859443665,743,511,1293,968
0a96b25258b0,cyclar_data_5,1386,347,2,0.8739766478538513,727,513,1294,965
0a96b25258b0,cyclar_data_5,1387,347,2,0.8201988339424133,721,518,1293,968
0a96b25258b0,cyclar_data_5,1388,347,2,0.8756077885627747,714,513,1293,968
0a96b25258b0,cyclar_data_5,1389,347,2,0.8722623586654663,709,499,1293,967
0a96b25258b0,cyclar_data_5,1390,347,2,0.9126995801925659,706,503,1292,964
0a96b25258b0,cyclar_data_5,1391,347,2,0.9229492545127869,706,505,1293,963
0a96b25258b0,cyclar_data_5,1392,347,2,0.9320951104164124,707,505,1294,963
0a96b25258b0,cyclar_data_5,1393,347,2,0.9391467571258545,711,506,1296,967
0a96b25258b0,cyclar_data_5,1394,347,2,0.9184312224388123,713,523,1295,969
0a96b25258b0,cyclar_data_5,1395,347,2,0.7364807724952698,715,546,1292,958
0a96b25258b0,cyclar_data_5,1396,347,2,0.9148362874984741,715,555,1293,961
0a96b25258b0,cyclar_data_5,1397,347,2,0.9338237643241882,714,565,1289,959
0a96b25258b0,cyclar_data_5,1398,347,2,0.9328086376190186,710,571,1275,940
0a96b25258b0,cyclar_data_5,1399,347,2,0.8500890135765076,704,576,1252,931
0a96b25258b0,cyclar_data_5,1400,347,2,0.9193439483642578,696,583,1227,922
0a96b25258b0,cyclar_data_5,1401,347,2,0.9176937341690063,685,588,1199,917
0a96b25258b0,cyclar_data_5,1402,347,2,0.9236475825309753,674,594,1174,909
0a96b25258b0,cyclar_data_5,1402,354,2,0.5943769216537476,1197,591,1292,969
0a96b25258b0,cyclar_data_5,1403,347,2,0.9043129682540894,665,597,1150,898
0a96b25258b0,cyclar_data_5,1404,347,2,0.9108232259750366,666,595,1112,882
0a96b25258b0,cyclar_data_5,1405,347,2,0.9197496771812439,663,595,1087,874
0a96b25258b0,cyclar_data_5,1406,347,2,0.91411954164505,659,595,1071,863
0a96b25258b0,cyclar_data_5,1406,356,2,0.5201125741004944,1044,485,1293,969
0a96b25258b0,cyclar_data_5,1407,347,2,0.9109132885932922,650,598,1047,857
0a96b25258b0,cyclar_data_5,1407,356,2,0.5027979612350464,1015,468,1291,969
0a96b25258b0,cyclar_data_5,1408,347,2,0.9036215543746948,636,599,1010,851
0a96b25258b0,cyclar_data_5,1408,356,2,0.8702599406242371,993,449,1289,970
0a96b25258b0,cyclar_data_5,1409,347,2,0.9083217978477478,622,597,974,844
0a96b25258b0,cyclar_data_5,1409,356,2,0.9136384725570679,964,439,1289,970
0a96b25258b0,cyclar_data_5,1410,347,2,0.8982064723968506,603,595,944,834
0a96b25258b0,cyclar_data_5,1410,356,2,0.9056617021560669,935,431,1293,965
0a96b25258b0,cyclar_data_5,1411,347,2,0.902827262878418,584,591,916,826
0a96b25258b0,cyclar_data_5,1411,356,2,0.9206409454345703,907,428,1295,953
0a96b25258b0,cyclar_data_5,1412,347,2,0.9002025723457336,565,590,885,818
0a96b25258b0,cyclar_data_5,1412,356,2,0.8872025012969971,876,431,1292,937
0a96b25258b0,cyclar_data_5,1413,347,2,0.8716516494750977,554,592,851,812
0a96b25258b0,cyclar_data_5,1413,356,2,0.9303608536720276,840,439,1290,933
0a96b25258b0,cyclar_data_5,1414,347,2,0.8921836614608765,531,593,818,808
0a96b25258b0,cyclar_data_5,1414,356,2,0.9547382593154907,806,451,1290,931
0a96b25258b0,cyclar_data_5,1415,347,2,0.8446311354637146,515,596,791,804
0a96b25258b0,cyclar_data_5,1415,356,2,0.9433112740516663,775,465,1291,935
0a96b25258b0,cyclar_data_5,1416,356,2,0.9360356330871582,753,477,1295,941
0a96b25258b0,cyclar_data_5,1417,356,2,0.9234579801559448,738,482,1296,946
0a96b25258b0,cyclar_data_5,1418,356,2,0.9076085090637207,730,487,1296,946
0a96b25258b0,cyclar_data_5,1419,356,2,0.914804995059967,727,495,1296,958
0a96b25258b0,cyclar_data_5,1420,356,2,0.8565650582313538,727,501,1296,965
0a96b25258b0,cyclar_data_5,1421,356,2,0.8896175026893616,728,517,1296,970
0a96b25258b0,cyclar_data_5,1422,356,2,0.8872165083885193,728,521,1296,972
0a96b25258b0,cyclar_data_5,1423,356,2,0.8579502701759338,726,535,1296,972
0a96b25258b0,cyclar_data_5,1424,356,2,0.8613899350166321,722,507,1296,972
0a96b25258b0,cyclar_data_5,1425,356,2,0.8508111238479614,716,499,1296,971
0a96b25258b0,cyclar_data_5,1426,356,2,0.8780166506767273,708,500,1296,970
0a96b25258b0,cyclar_data_5,1427,356,2,0.8610976338386536,697,515,1295,970
0a96b25258b0,cyclar_data_5,1428,356,2,0.8136159777641296,682,548,1293,970
0a96b25258b0,cyclar_data_5,1429,356,2,0.7944492101669312,666,552,1293,970
0a96b25258b0,cyclar_data_5,1430,356,2,0.8849993348121643,657,566,1295,969
0a96b25258b0,cyclar_data_5,1431,356,2,0.8383035063743591,650,579,1291,963
0a96b25258b0,cyclar_data_5,1431,362,7,0.5557187795639038,961,426,1218,641
0a96b25258b0,cyclar_data_5,1432,356,2,0.9175252914428711,646,585,1273,956
0a96b25258b0,cyclar_data_5,1433,356,2,0.9036861062049866,645,587,1254,945
0a96b25258b0,cyclar_data_5,1434,356,2,0.9250274896621704,647,582,1235,929
0a96b25258b0,cyclar_data_5,1435,356,2,0.917999804019928,649,576,1218,911
0a96b25258b0,cyclar_data_5,1436,356,2,0.9296740293502808,652,572,1202,894
0a96b25258b0,cyclar_data_5,1437,356,2,0.9026669859886169,660,569,1190,882
0a96b25258b0,cyclar_data_5,1438,356,2,0.8781113028526306,669,570,1183,876
0a96b25258b0,cyclar_data_5,1439,356,2,0.7683814764022827,683,572,1178,867
0a96b25258b0,cyclar_data_5,1440,356,2,0.8006447553634644,695,575,1169,860
0a96b25258b0,cyclar_data_5,1441,356,2,0.7523463368415833,706,575,1155,854
0a96b25258b0,cyclar_data_5,1442,356,2,0.8370150923728943,717,574,1143,847
0a96b25258b0,cyclar_data_5,1443,356,2,0.8865731358528137,729,573,1141,839
0a96b25258b0,cyclar_data_5,1444,356,2,0.8649789094924927,743,571,1141,829
0a96b25258b0,cyclar_data_5,1445,356,2,0.8924605250358582,761,572,1148,822
0a96b25258b0,cyclar_data_5,1446,356,2,0.8146300315856934,780,575,1165,818
0a96b25258b0,cyclar_data_5,1447,356,2,0.42570608854293823,798,580,1164,817
0a96b25258b0,cyclar_data_5,1448,356,2,0.7288767695426941,815,585,1173,814
0a96b25258b0,cyclar_data_5,1448,366,2,0.6126956343650818,1204,652,1296,921
0a96b25258b0,cyclar_data_5,1449,356,2,0.5890563130378723,827,589,1174,809
0a96b25258b0,cyclar_data_5,1449,366,2,0.6818802356719971,1194,657,1296,909
0a96b25258b0,cyclar_data_5,1450,356,2,0.6412830352783203,835,595,1171,807
0a96b25258b0,cyclar_data_5,1450,366,2,0.7100542187690735,1177,664,1295,958
0a96b25258b0,cyclar_data_5,1451,356,7,0.5398826003074646,843,601,1169,805
0a96b25258b0,cyclar_data_5,1451,366,2,0.836049497127533,1161,667,1294,972
0a96b25258b0,cyclar_data_5,1452,366,2,0.8362383842468262,1148,665,1294,972
0a96b25258b0,cyclar_data_5,1453,366,2,0.8754933476448059,1137,662,1295,972
0a96b25258b0,cyclar_data_5,1454,366,2,0.8927027583122253,1126,663,1294,972
0a96b25258b0,cyclar_data_5,1455,366,2,0.8937898278236389,1112,663,1293,971
0a96b25258b0,cyclar_data_5,1456,366,2,0.9072450995445251,1091,648,1291,962
0a96b25258b0,cyclar_data_5,1457,366,2,0.863921582698822,1074,634,1290,958
0a96b25258b0,cyclar_data_5,1458,366,2,0.5078450441360474,1057,625,1289,958
0a96b25258b0,cyclar_data_5,1459,366,2,0.6565943956375122,1046,545,1289,943
0a96b25258b0,cyclar_data_5,1460,366,2,0.7393462657928467,1023,517,1288,958
0a96b25258b0,cyclar_data_5,1461,366,2,0.7984415292739868,999,504,1286,967
0a96b25258b0,cyclar_data_5,1462,366,2,0.7263189554214478,978,496,1286,969
0a96b25258b0,cyclar_data_5,1463,366,2,0.7536541819572449,958,490,1288,963
0a96b25258b0,cyclar_data_5,1464,366,2,0.6875295042991638,938,490,1289,965
0a96b25258b0,cyclar_data_5,1465,366,2,0.7802810668945312,917,490,1290,966
0a96b25258b0,cyclar_data_5,1466,366,2,0.8678478598594666,896,487,1288,966
0a96b25258b0,cyclar_data_5,1467,366,2,0.8123276829719543,876,481,1290,965
0a96b25258b0,cyclar_data_5,1468,366,2,0.7597357034683228,861,479,1293,967
0a96b25258b0,cyclar_data_5,1469,366,2,0.899549663066864,853,480,1295,958
0a96b25258b0,cyclar_data_5,1470,366,2,0.8201122879981995,844,505,1295,944
0a96b25258b0,cyclar_data_5,1471,366,2,0.8318670988082886,834,494,1294,937
0a96b25258b0,cyclar_data_5,1472,366,2,0.8477784395217896,825,563,1294,927
0a96b25258b0,cyclar_data_5,1473,366,2,0.8666590452194214,817,594,1294,918
0a96b25258b0,cyclar_data_5,1474,366,2,0.8735522031784058,809,609,1294,908
0a96b25258b0,cyclar_data_5,1475,366,2,0.9327743053436279,804,619,1295,900
0a96b25258b0,cyclar_data_5,1476,366,2,0.9360322952270508,800,625,1285,896
0a96b25258b0,cyclar_data_5,1477,366,2,0.9280632734298706,800,628,1272,892
0a96b25258b0,cyclar_data_5,1478,366,2,0.8577442765235901,802,630,1255,884
0a96b25258b0,cyclar_data_5,1479,366,2,0.9012314081192017,802,633,1238,882
0a96b25258b0,cyclar_data_5,1480,366,2,0.9226073622703552,801,636,1222,881
0a96b25258b0,cyclar_data_5,1481,366,2,0.9260751008987427,801,638,1207,878
0a96b25258b0,cyclar_data_5,1482,366,2,0.9273936748504639,801,642,1192,874
0a96b25258b0,cyclar_data_5,1483,366,2,0.9284151792526245,802,644,1179,875
0a96b25258b0,cyclar_data_5,1484,366,2,0.9235613346099854,804,642,1170,861
0a96b25258b0,cyclar_data_5,1485,366,2,0.892260730266571,804,637,1162,849
0a96b25258b0,cyclar_data_5,1486,366,2,0.8385939598083496,805,632,1150,843
0a96b25258b0,cyclar_data_5,1487,366,2,0.8234609961509705,805,628,1130,833
0a96b25258b0,cyclar_data_5,1488,366,2,0.8743139505386353,804,626,1101,827
0a96b25258b0,cyclar_data_5,1506,376,2,0.7484217882156372,1050,452,1293,971
0a96b25258b0,cyclar_data_5,1507,376,2,0.8009005188941956,1031,458,1293,971
0a96b25258b0,cyclar_data_5,1508,376,2,0.77596116065979,1013,460,1294,970
0a96b25258b0,cyclar_data_5,1509,376,2,0.8468698859214783,996,461,1295,969
0a96b25258b0,cyclar_data_5,1510,376,2,0.7940831184387207,981,468,1294,967
0a96b25258b0,cyclar_data_5,1511,376,2,0.8088130950927734,965,477,1293,964
0a96b25258b0,cyclar_data_5,1512,376,2,0.8316218852996826,947,483,1292,966
0a96b25258b0,cyclar_data_5,1513,376,2,0.581751823425293,927,489,1292,954
0a96b25258b0,cyclar_data_5,1514,376,2,0.7677807211875916,908,489,1293,945
0a96b25258b0,cyclar_data_5,1515,376,2,0.8351296782493591,895,491,1295,921
0a96b25258b0,cyclar_data_5,1516,376,2,0.8740959763526917,884,496,1296,929
0a96b25258b0,cyclar_data_5,1517,376,2,0.8602296710014343,874,503,1296,924
0a96b25258b0,cyclar_data_5,1518,376,2,0.8272441625595093,867,506,1296,925
0a96b25258b0,cyclar_data_5,1519,376,2,0.8509703874588013,860,506,1296,951
0a96b25258b0,cyclar_data_5,1520,376,2,0.8284028768539429,854,504,1296,958
0a96b25258b0,cyclar_data_5,1521,376,2,0.8828607201576233,847,506,1296,956
0a96b25258b0,cyclar_data_5,1522,376,2,0.7920573353767395,840,505,1296,961
0a96b25258b0,cyclar_data_5,1523,376,2,0.9103860259056091,831,507,1296,965
0a96b25258b0,cyclar_data_5,1524,376,2,0.8991870880126953,826,507,1296,968
0a96b25258b0,cyclar_data_5,1525,376,2,0.9188442826271057,822,506,1296,970
0a96b25258b0,cyclar_data_5,1526,376,2,0.8800875544548035,818,511,1296,971
0a96b25258b0,cyclar_data_5,1527,376,2,0.8523274660110474,813,505,1296,964
0a96b25258b0,cyclar_data_5,1528,376,2,0.80544513463974,806,502,1294,953
0a96b25258b0,cyclar_data_5,1529,376,2,0.818439245223999,794,503,1291,942
0a96b25258b0,cyclar_data_5,1530,376,7,0.45645925402641296,777,508,1288,935
0a96b25258b0,cyclar_data_5,1531,376,2,0.5461717844009399,761,516,1287,928
0a96b25258b0,cyclar_data_5,1532,376,2,0.7312347292900085,745,504,1288,911
0a96b25258b0,cyclar_data_5,1533,376,2,0.5593382120132446,735,526,1287,913
0a96b25258b0,cyclar_data_5,1534,376,2,0.7611519694328308,730,513,1291,919
0a96b25258b0,cyclar_data_5,1535,376,2,0.6953537464141846,729,509,1292,923
0a96b25258b0,cyclar_data_5,1536,376,2,0.7271608114242554,729,572,1247,923
0a96b25258b0,cyclar_data_5,1537,376,2,0.7338962554931641,728,600,1219,917
0a96b25258b0,cyclar_data_5,1538,376,2,0.5052241683006287,730,619,1198,911
0a96b25258b0,cyclar_data_5,1538,378,2,0.5136902332305908,732,484,1286,911
0a96b25258b0,cyclar_data_5,1539,376,2,0.8168371319770813,734,630,1183,910
0a96b25258b0,cyclar_data_5,1540,376,2,0.868510901927948,736,639,1168,908
0a96b25258b0,cyclar_data_5,1541,376,2,0.6872150897979736,735,647,1154,912
0a96b25258b0,cyclar_data_5,1543,376,2,0.4615739583969116,726,652,1112,899
0a96b25258b0,cyclar_data_5,1544,380,7,0.41337376832962036,721,653,1092,890
0a96b25258b0,cyclar_data_5,1544,376,2,0.4881879687309265,719,653,1091,890
0a96b25258b0,cyclar_data_5,1545,380,2,0.575515627861023,719,657,1071,884
0a96b25258b0,cyclar_data_5,1545,376,7,0.4263594150543213,715,657,1070,885
0a96b25258b0,cyclar_data_5,1546,380,7,0.44718673825263977,713,661,1056,873
0a96b25258b0,cyclar_data_5,1546,376,2,0.6454228162765503,708,660,1056,876
0a96b25258b0,cyclar_data_5,1547,376,2,0.799041211605072,701,663,1040,873
0a96b25258b0,cyclar_data_5,1548,376,2,0.8158177137374878,694,666,1028,866
0a96b25258b0,cyclar_data_5,1564,385,2,0.4035104513168335,1106,490,1295,967
0a96b25258b0,cyclar_data_5,1565,385,7,0.5228995084762573,1065,351,1295,965
0a96b25258b0,cyclar_data_5,1566,385,7,0.672367513179779,1050,308,1295,960
0a96b25258b0,cyclar_data_5,1567,385,7,0.4989980459213257,1032,311,1295,960
0a96b25258b0,cyclar_data_5,1568,385,7,0.452970027923584,1027,423,1295,956
0a96b25258b0,cyclar_data_5,1569,385,7,0.5325126051902771,1013,362,1295,950
0a96b25258b0,cyclar_data_5,1570,385,7,0.7980778217315674,998,359,1294,951
0a96b25258b0,cyclar_data_5,1571,385,7,0.8910320401191711,989,371,1294,945
0a96b25258b0,cyclar_data_5,1572,385,7,0.899992823600769,979,383,1295,937
0a96b25258b0,cyclar_data_5,1573,385,7,0.8813994526863098,968,399,1295,925
0a96b25258b0,cyclar_data_5,1574,385,7,0.8755117058753967,955,409,1295,919
0a96b25258b0,cyclar_data_5,1575,385,7,0.8877320289611816,941,416,1294,918
0a96b25258b0,cyclar_data_5,1576,385,7,0.8869057893753052,931,424,1293,923
0a96b25258b0,cyclar_data_5,1577,385,7,0.8829273581504822,922,420,1292,925
0a96b25258b0,cyclar_data_5,1578,385,7,0.9108614921569824,912,432,1292,928
0a96b25258b0,cyclar_data_5,1579,385,7,0.8615952134132385,901,430,1292,930
0a96b25258b0,cyclar_data_5,1580,385,7,0.8297626376152039,889,450,1292,934
0a96b25258b0,cyclar_data_5,1581,385,7,0.8880038857460022,877,457,1291,941
0a96b25258b0,cyclar_data_5,1582,385,7,0.8998587131500244,867,464,1292,958
0a96b25258b0,cyclar_data_5,1582,396,7,0.6638847589492798,694,474,1036,701
0a96b25258b0,cyclar_data_5,1583,385,7,0.8693662285804749,860,466,1294,965
0a96b25258b0,cyclar_data_5,1584,385,7,0.8667251467704773,853,467,1295,966
0a96b25258b0,cyclar_data_5,1585,385,7,0.8545231223106384,843,469,1296,964
0a96b25258b0,cyclar_data_5,1586,385,7,0.8856395483016968,815,477,1296,964
0a96b25258b0,cyclar_data_5,1587,385,7,0.8504274487495422,814,475,1296,962
0a96b25258b0,cyclar_data_5,1588,385,7,0.8587741255760193,812,477,1296,941
0a96b25258b0,cyclar_data_5,1589,385,7,0.8478556275367737,814,487,1295,927
0a96b25258b0,cyclar_data_5,1590,385,7,0.8531647324562073,813,490,1294,914
0a96b25258b0,cyclar_data_5,1591,385,7,0.8636935353279114,808,501,1293,905
0a96b25258b0,cyclar_data_5,1592,385,7,0.8211514353752136,805,511,1293,892
0a96b25258b0,cyclar_data_5,1593,385,7,0.8327150940895081,805,513,1294,862
0a96b25258b0,cyclar_data_5,1594,385,7,0.7436138987541199,808,500,1293,851
0a96b25258b0,cyclar_data_5,1595,385,7,0.8322541117668152,802,496,1292,843
0a96b25258b0,cyclar_data_5,1596,385,7,0.7134339809417725,796,500,1277,839
0a96b25258b0,cyclar_data_5,1597,385,7,0.7836483120918274,788,521,1253,833
0a96b25258b0,cyclar_data_5,1598,385,7,0.763900637626648,784,542,1229,831
0a96b25258b0,cyclar_data_5,1599,385,7,0.7282031774520874,782,552,1211,825
0a96b25258b0,cyclar_data_5,1600,385,2,0.5172865986824036,782,557,1200,818
0a96b25258b0,cyclar_data_5,1601,385,7,0.5175511240959167,785,560,1184,812
0a96b25258b0,cyclar_data_5,1601,404,2,0.48019757866859436,787,557,1181,813
0a96b25258b0,cyclar_data_5,1603,385,2,0.5018072128295898,797,563,1217,800
0a96b25258b0,cyclar_data_5,1604,385,2,0.6116943955421448,804,565,1165,796
0a96b25258b0,cyclar_data_5,1605,385,2,0.7898716926574707,806,565,1139,791
0a96b25258b0,cyclar_data_5,1606,385,2,0.8572519421577454,806,565,1124,783
0a96b25258b0,cyclar_data_5,1607,385,2,0.8461646437644958,803,565,1111,775
0a96b25258b0,cyclar_data_5,1608,385,2,0.7384084463119507,801,567,1098,772
0a96b25258b0,cyclar_data_5,1609,407,2,0.7508118748664856,1199,621,1295,911
0a96b25258b0,cyclar_data_5,1610,407,2,0.7691059112548828,1180,610,1294,919
0a96b25258b0,cyclar_data_5,1611,407,2,0.8099977970123291,1160,606,1293,921
0a96b25258b0,cyclar_data_5,1612,407,2,0.8980879187583923,1138,593,1293,915
0a96b25258b0,cyclar_data_5,1613,407,2,0.6802334785461426,1116,581,1293,906
0a96b25258b0,cyclar_data_5,1614,407,2,0.8353463411331177,1088,520,1294,893
0a96b25258b0,cyclar_data_5,1615,407,2,0.8268932700157166,1074,498,1294,880
0a96b25258b0,cyclar_data_5,1616,407,2,0.8230962753295898,1054,492,1294,875
0a96b25258b0,cyclar_data_5,1617,407,2,0.7871609926223755,1042,493,1294,878
0a96b25258b0,cyclar_data_5,1618,407,2,0.548191249370575,1030,491,1294,880
0a96b25258b0,cyclar_data_5,1619,407,2,0.7039876580238342,1015,493,1294,887
0a96b25258b0,cyclar_data_5,1620,407,2,0.6845799088478088,1003,491,1294,886
0a96b25258b0,cyclar_data_5,1621,407,2,0.6944133639335632,992,493,1296,885
0a96b25258b0,cyclar_data_5,1622,407,2,0.6143959760665894,984,496,1296,887
0a96b25258b0,cyclar_data_5,1623,407,2,0.721951425075531,977,502,1296,893
0a96b25258b0,cyclar_data_5,1624,407,2,0.8172402381896973,969,501,1295,900
0a96b25258b0,cyclar_data_5,1625,407,2,0.7777768969535828,960,519,1294,909
0a96b25258b0,cyclar_data_5,1626,407,2,0.76031494140625,950,539,1292,942
0a96b25258b0,cyclar_data_5,1627,407,2,0.803269624710083,938,593,1290,966
0a96b25258b0,cyclar_data_5,1628,407,2,0.8747426271438599,927,621,1291,972
0a96b25258b0,cyclar_data_5,1629,407,2,0.9233323931694031,918,633,1294,972
0a96b25258b0,cyclar_data_5,1630,407,2,0.8557940721511841,909,633,1295,964
0a96b25258b0,cyclar_data_5,1631,407,2,0.6958019137382507,895,632,1294,950
0a96b25258b0,cyclar_data_5,1632,407,2,0.8773353099822998,881,630,1293,936
0a96b25258b0,cyclar_data_5,1633,407,2,0.76410311460495,869,628,1292,924
0a96b25258b0,cyclar_data_5,1634,407,2,0.9143967628479004,857,629,1293,914
0a96b25258b0,cyclar_data_5,1635,407,2,0.9191413521766663,847,628,1293,903
0a96b25258b0,cyclar_data_5,1636,407,2,0.928230881690979,835,625,1292,887
0a96b25258b0,cyclar_data_5,1637,407,2,0.9315670132637024,826,622,1279,874
0a96b25258b0,cyclar_data_5,1638,407,2,0.9212928414344788,820,623,1262,864
0a96b25258b0,cyclar_data_5,1639,407,2,0.9230731129646301,815,624,1244,858
0a96b25258b0,cyclar_data_5,1640,407,2,0.9169418811798096,810,624,1226,853
0a96b25258b0,cyclar_data_5,1641,407,2,0.9016153812408447,807,625,1209,843
0a96b25258b0,cyclar_data_5,1642,407,2,0.909980297088623,801,619,1190,833
0a96b25258b0,cyclar_data_5,1643,407,2,0.9057075381278992,794,616,1171,830
0a96b25258b0,cyclar_data_5,1644,407,2,0.8678387999534607,787,613,1127,821
0a96b25258b0,cyclar_data_5,1644,432,7,0.5267470479011536,1103,473,1293,968
0a96b25258b0,cyclar_data_5,1645,407,2,0.8685998320579529,782,611,1109,812
0a96b25258b0,cyclar_data_5,1645,432,7,0.6296023726463318,1093,477,1293,967
0a96b25258b0,cyclar_data_5,1646,432,7,0.6954401135444641,1083,478,1293,960
0a96b25258b0,cyclar_data_5,1647,432,7,0.7607237696647644,1075,470,1293,954
0a96b25258b0,cyclar_data_5,1648,432,7,0.8341055512428284,1045,473,1294,952
0a96b25258b0,cyclar_data_5,1649,432,7,0.8321896195411682,1021,477,1294,943
0a96b25258b0,cyclar_data_5,1650,432,7,0.8122802972793579,1001,480,1294,934
0a96b25258b0,cyclar_data_5,1651,432,7,0.7270079851150513,985,482,1294,912
0a96b25258b0,cyclar_data_5,1652,432,7,0.8132553100585938,970,489,1296,907
0a96b25258b0,cyclar_data_5,1653,432,7,0.7337889671325684,958,495,1296,910
0a96b25258b0,cyclar_data_5,1654,432,7,0.7262744307518005,949,498,1296,948
0a96b25258b0,cyclar_data_5,1655,432,7,0.7559471726417542,944,489,1296,954
0a96b25258b0,cyclar_data_5,1656,432,7,0.735901415348053,937,487,1296,959
0a96b25258b0,cyclar_data_5,1657,432,7,0.6841407418251038,929,500,1296,964
0a96b25258b0,cyclar_data_5,1658,432,7,0.7477895021438599,923,501,1296,966
0a96b25258b0,cyclar_data_5,1659,432,7,0.7718067169189453,916,542,1232,900
0a96b25258b0,cyclar_data_5,1660,432,7,0.6240609288215637,907,545,1273,950
0a96b25258b0,cyclar_data_5,1660,439,7,0.6802154183387756,736,514,1053,761
0a96b25258b0,cyclar_data_5,1661,432,7,0.8567827939987183,894,556,1284,963
0a96b25258b0,cyclar_data_5,1661,439,7,0.7767834067344666,722,512,1051,774
0a96b25258b0,cyclar_data_5,1662,432,7,0.867881178855896,883,525,1289,968
0a96b25258b0,cyclar_data_5,1662,439,7,0.7115577459335327,727,510,1044,775
0a96b25258b0,cyclar_data_5,1663,432,7,0.8531934022903442,872,514,1291,968
0a96b25258b0,cyclar_data_5,1664,432,7,0.8617973923683167,861,541,1294,959
0a96b25258b0,cyclar_data_5,1664,439,7,0.44881877303123474,730,512,1036,762
0a96b25258b0,cyclar_data_5,1665,432,7,0.8078660368919373,853,560,1295,934
0a96b25258b0,cyclar_data_5,1666,432,7,0.8272252082824707,847,578,1296,897
0a96b25258b0,cyclar_data_5,1667,432,7,0.8386428356170654,841,581,1273,884
0a96b25258b0,cyclar_data_5,1667,439,7,0.4543541371822357,702,521,1025,723
0a96b25258b0,cyclar_data_5,1668,432,7,0.4663265645503998,832,534,1286,888
0a96b25258b0,cyclar_data_5,1668,439,7,0.5575432181358337,696,518,1020,721
0a96b25258b0,cyclar_data_5,1669,432,7,0.7277473211288452,824,561,1175,887
0a96b25258b0,cyclar_data_5,1669,448,2,0.5299444198608398,1160,556,1293,967
0a96b25258b0,cyclar_data_5,1670,432,7,0.7826457023620605,815,571,1128,883
0a96b25258b0,cyclar_data_5,1670,448,2,0.5912519097328186,1131,576,1292,968
0a96b25258b0,cyclar_data_5,1671,432,7,0.8036031723022461,805,573,1111,871
0a96b25258b0,cyclar_data_5,1671,448,2,0.4294399917125702,1098,535,1290,969
0a96b25258b0,cyclar_data_5,1672,432,7,0.4048337936401367,793,577,1105,861
0a96b25258b0,cyclar_data_5,1672,448,2,0.6972729563713074,1033,511,1291,972
0a96b25258b0,cyclar_data_5,1672,439,7,0.6674318313598633,693,504,1096,845
0a96b25258b0,cyclar_data_5,1673,448,2,0.704025387763977,980,503,1291,972
0a96b25258b0,cyclar_data_5,1673,439,7,0.5506404638290405,682,504,1089,855
0a96b25258b0,cyclar_data_5,1674,448,2,0.6557049751281738,980,497,1291,972
0a96b25258b0,cyclar_data_5,1674,432,7,0.5259749889373779,769,568,1061,846
0a96b25258b0,cyclar_data_5,1675,448,2,0.6641730666160583,971,498,1291,972
0a96b25258b0,cyclar_data_5,1675,439,7,0.4691239893436432,681,507,1044,847
0a96b25258b0,cyclar_data_5,1676,448,2,0.5263020992279053,964,496,1292,972
0a96b25258b0,cyclar_data_5,1676,432,7,0.6578514575958252,760,587,1024,835
0a96b25258b0,cyclar_data_5,1677,448,2,0.583531379699707,960,495,1292,972
0a96b25258b0,cyclar_data_5,1677,439,7,0.6597100496292114,666,519,1007,844
0a96b25258b0,cyclar_data_5,1678,448,2,0.5579188466072083,952,498,1292,972
0a96b25258b0,cyclar_data_5,1678,439,7,0.7508173584938049,662,530,992,844
0a96b25258b0,cyclar_data_5,1679,448,2,0.582038402557373,956,498,1293,972
0a96b25258b0,cyclar_data_5,1679,439,7,0.550926923751831,661,542,968,848
0a96b25258b0,cyclar_data_5,1679,432,7,0.5946484208106995,738,617,960,846
0a96b25258b0,cyclar_data_5,1680,448,2,0.48277711868286133,998,498,1296,972
0a96b25258b0,cyclar_data_5,1680,439,7,0.43438920378685,667,556,963,851
0a96b25258b0,cyclar_data_5,1680,432,7,0.4143049120903015,735,616,946,849
0a96b25258b0,cyclar_data_5,1681,448,2,0.5994184017181396,931,494,1296,972
0a96b25258b0,cyclar_data_5,1681,439,7,0.45689287781715393,670,559,965,852
0a96b25258b0,cyclar_data_5,1682,448,7,0.6996950507164001,893,494,1296,972
0a96b25258b0,cyclar_data_5,1682,439,7,0.6554162502288818,671,562,992,852
0a96b25258b0,cyclar_data_5,1682,453,2,0.47260305285453796,878,498,1294,971
0a96b25258b0,cyclar_data_5,1683,448,2,0.47954660654067993,876,489,1296,971
0a96b25258b0,cyclar_data_5,1683,439,7,0.6761555671691895,671,564,1001,853
0a96b25258b0,cyclar_data_5,1683,453,7,0.5805143117904663,876,500,1293,966
0a96b25258b0,cyclar_data_5,1684,439,7,0.6440297961235046,681,565,1011,850
0a96b25258b0,cyclar_data_5,1685,439,7,0.4102969467639923,689,561,1014,840
0a96b25258b0,cyclar_data_5,1685,448,2,0.519716739654541,857,481,1294,966
0a96b25258b0,cyclar_data_5,1686,439,7,0.6634477376937866,680,555,1019,828
0a96b25258b0,cyclar_data_5,1686,448,2,0.5557963848114014,850,488,1293,963
0a96b25258b0,cyclar_data_5,1687,448,2,0.7445294857025146,845,564,1293,961
0a96b25258b0,cyclar_data_5,1688,448,2,0.7904456853866577,840,582,1293,963
0a96b25258b0,cyclar_data_5,1688,439,7,0.614197850227356,676,541,1013,797
0a96b25258b0,cyclar_data_5,1689,448,2,0.8617849946022034,837,540,1293,964
0a96b25258b0,cyclar_data_5,1689,439,7,0.6632300615310669,678,536,1006,791
0a96b25258b0,cyclar_data_5,1690,448,2,0.730446457862854,831,552,1293,965
0a96b25258b0,cyclar_data_5,1690,439,7,0.8120997548103333,685,530,1020,786
0a96b25258b0,cyclar_data_5,1691,448,2,0.7831371426582336,827,577,1293,965
0a96b25258b0,cyclar_data_5,1691,439,7,0.7371217608451843,688,526,1066,776
0a96b25258b0,cyclar_data_5,1692,448,7,0.6211099624633789,821,587,1293,967
0a96b25258b0,cyclar_data_5,1692,439,7,0.7691652774810791,683,524,1119,768
0a96b25258b0,cyclar_data_5,1693,448,2,0.6389322280883789,813,589,1292,957
0a96b25258b0,cyclar_data_5,1693,439,7,0.5446420907974243,682,522,1079,761
0a96b25258b0,cyclar_data_5,1694,448,7,0.5405301451683044,764,553,1292,962
0a96b25258b0,cyclar_data_5,1694,439,7,0.6495203971862793,680,523,1075,763
0a96b25258b0,cyclar_data_5,1695,448,2,0.7050836086273193,782,569,1293,939
0a96b25258b0,cyclar_data_5,1695,439,7,0.7630176544189453,681,526,1077,764
0a96b25258b0,cyclar_data_5,1696,448,2,0.7090616822242737,789,588,1294,913
0a96b25258b0,cyclar_data_5,1696,439,7,0.7858986854553223,681,529,1079,763
0a96b25258b0,cyclar_data_5,1697,448,2,0.8310433626174927,793,594,1295,898
0a96b25258b0,cyclar_data_5,1697,439,7,0.7780485153198242,681,530,1083,761
0a96b25258b0,cyclar_data_5,1698,448,2,0.8762235045433044,796,595,1294,885
0a96b25258b0,cyclar_data_5,1698,439,7,0.7121981382369995,680,529,1095,761
0a96b25258b0,cyclar_data_5,1699,448,2,0.7774913907051086,794,595,1283,882
0a96b25258b0,cyclar_data_5,1699,439,7,0.701429545879364,683,525,1085,755
0a96b25258b0,cyclar_data_5,1700,448,2,0.6287955641746521,790,594,1265,876
0a96b25258b0,cyclar_data_5,1700,439,7,0.48864877223968506,690,522,1058,751
0a96b25258b0,cyclar_data_5,1700,457,7,0.5551145076751709,791,590,1261,879
0a96b25258b0,cyclar_data_5,1701,448,2,0.6767977476119995,788,594,1247,865
0a96b25258b0,cyclar_data_5,1702,448,2,0.7750245332717896,786,595,1229,857
0a96b25258b0,cyclar_data_5,1703,448,2,0.700122058391571,785,597,1212,853
0a96b25258b0,cyclar_data_5,1704,448,2,0.7975142598152161,785,598,1192,848
0a96b25258b0,cyclar_data_5,1705,448,2,0.721741259098053,781,603,1175,845
0a96b25258b0,cyclar_data_5,1706,448,2,0.7339958548545837,775,607,1154,840
0a96b25258b0,cyclar_data_5,1707,448,2,0.728471040725708,770,612,1111,837
0a96b25258b0,cyclar_data_5,1708,448,2,0.8576167225837708,763,618,1089,837
0a96b25258b0,cyclar_data_5,1709,448,2,0.9091413617134094,756,621,1079,834
0a96b25258b0,cyclar_data_5,1709,460,2,0.8536139130592346,1139,670,1293,970
0a96b25258b0,cyclar_data_5,1710,448,2,0.8814389109611511,749,623,1069,829
0a96b25258b0,cyclar_data_5,1710,460,2,0.8941229581832886,1120,662,1292,970
0a96b25258b0,cyclar_data_5,1711,460,2,0.899149477481842,1094,642,1293,969
0a96b25258b0,cyclar_data_5,1712,460,2,0.8717827796936035,1071,621,1295,968
0a96b25258b0,cyclar_data_5,1713,460,2,0.7865873575210571,1052,601,1296,967
0a96b25258b0,cyclar_data_5,1714,460,2,0.721878170967102,1040,532,1296,968
0a96b25258b0,cyclar_data_5,1715,460,2,0.8819000124931335,1025,502,1296,968
0a96b25258b0,cyclar_data_5,1716,460,2,0.8964928388595581,1010,489,1296,970
0a96b25258b0,cyclar_data_5,1717,460,2,0.8624321222305298,995,486,1296,970
0a96b25258b0,cyclar_data_5,1718,460,2,0.8753698468208313,978,486,1295,969
0a96b25258b0,cyclar_data_5,1719,460,2,0.8819042444229126,961,489,1293,970
0a96b25258b0,cyclar_data_5,1720,460,2,0.8463262319564819,946,491,1293,970
0a96b25258b0,cyclar_data_5,1721,460,2,0.8386190533638,934,493,1293,971
0a96b25258b0,cyclar_data_5,1722,460,2,0.8713093400001526,921,492,1294,971
0a96b25258b0,cyclar_data_5,1723,460,2,0.881554365158081,912,492,1295,970
0a96b25258b0,cyclar_data_5,1724,460,2,0.8309672474861145,904,494,1296,962
0a96b25258b0,cyclar_data_5,1725,460,2,0.8394885659217834,898,494,1296,957
0a96b25258b0,cyclar_data_5,1726,460,2,0.8480616807937622,892,502,1296,964
0a96b25258b0,cyclar_data_5,1727,460,2,0.8959435224533081,887,509,1296,968
0a96b25258b0,cyclar_data_5,1728,460,2,0.8749433755874634,882,507,1295,970
0a96b25258b0,cyclar_data_5,1729,460,2,0.8665720224380493,878,504,1295,971
0a96b25258b0,cyclar_data_5,1730,460,2,0.8759006857872009,876,507,1296,970
0a96b25258b0,cyclar_data_5,1731,460,2,0.8721649646759033,878,529,1296,967
0a96b25258b0,cyclar_data_5,1732,460,2,0.893461287021637,881,547,1296,964
0a96b25258b0,cyclar_data_5,1733,460,2,0.8461169004440308,883,566,1296,946
0a96b25258b0,cyclar_data_5,1734,460,2,0.8721190690994263,882,571,1296,932
0a96b25258b0,cyclar_data_5,1735,460,2,0.8715221285820007,880,568,1294,919
0a96b25258b0,cyclar_data_5,1736,460,2,0.8887526988983154,875,578,1293,908
0a96b25258b0,cyclar_data_5,1737,460,2,0.8330431580543518,866,534,1291,900
0a96b25258b0,cyclar_data_5,1738,460,2,0.8532578349113464,855,516,1290,894
0a96b25258b0,cyclar_data_5,1739,460,2,0.7725883722305298,845,560,1289,890
0a96b25258b0,cyclar_data_5,1740,460,2,0.9048670530319214,834,587,1288,879
0a96b25258b0,cyclar_data_5,1741,460,2,0.9222064018249512,824,595,1275,869
0a96b25258b0,cyclar_data_5,1742,460,2,0.9135487079620361,814,598,1254,860
0a96b25258b0,cyclar_data_5,1743,460,2,0.920839250087738,805,601,1235,852
0a96b25258b0,cyclar_data_5,1744,460,2,0.9095165729522705,797,604,1215,847
0a96b25258b0,cyclar_data_5,1745,460,2,0.9121909141540527,789,606,1193,841
0a96b25258b0,cyclar_data_5,1746,460,2,0.8628618121147156,780,603,1171,845
0a96b25258b0,cyclar_data_5,1747,460,2,0.8839914798736572,771,601,1149,833
0a96b25258b0,cyclar_data_5,1748,460,2,0.9150912165641785,763,597,1114,818
0a96b25258b0,cyclar_data_5,1749,460,2,0.9194796681404114,756,595,1093,805
0a96b25258b0,cyclar_data_5,1750,460,2,0.8899319767951965,752,594,1085,795
0a96b25258b0,cyclar_data_5,1757,471,2,0.5264223217964172,1119,465,1293,966
0a96b25258b0,cyclar_data_5,1758,471,2,0.6189771294593811,1087,473,1293,968
0a96b25258b0,cyclar_data_5,1759,471,2,0.6970704197883606,1066,471,1294,970
0a96b25258b0,cyclar_data_5,1759,473,2,0.6839756369590759,1078,442,1294,696
0a96b25258b0,cyclar_data_5,1760,471,2,0.7347323298454285,1046,476,1295,970
0a96b25258b0,cyclar_data_5,1760,473,2,0.6011863350868225,1054,440,1294,753
0a96b25258b0,cyclar_data_5,1761,471,2,0.7477059960365295,1026,456,1295,971
0a96b25258b0,cyclar_data_5,1762,471,2,0.8636512160301208,1012,454,1294,970
0a96b25258b0,cyclar_data_5,1763,471,2,0.7919512987136841,996,459,1293,972
0a96b25258b0,cyclar_data_5,1764,471,2,0.8921666145324707,980,464,1292,972
0a96b25258b0,cyclar_data_5,1765,471,2,0.683454692363739,979,476,1291,972
0a96b25258b0,cyclar_data_5,1766,471,2,0.8630375266075134,953,484,1291,972
0a96b25258b0,cyclar_data_5,1767,471,2,0.8322573304176331,935,488,1292,970
0a96b25258b0,cyclar_data_5,1768,471,2,0.8913758397102356,918,493,1292,969
0a96b25258b0,cyclar_data_5,1769,471,2,0.87267005443573,905,498,1294,968
0a96b25258b0,cyclar_data_5,1770,471,2,0.8840775489807129,893,501,1294,967
0a96b25258b0,cyclar_data_5,1771,471,2,0.8449057340621948,881,506,1294,966
0a96b25258b0,cyclar_data_5,1772,471,2,0.9055072069168091,871,509,1294,966
0a96b25258b0,cyclar_data_5,1773,471,2,0.9144144654273987,858,516,1294,968
0a96b25258b0,cyclar_data_5,1774,471,2,0.8516979217529297,847,520,1293,970
0a96b25258b0,cyclar_data_5,1775,471,2,0.8992325663566589,836,528,1293,971
0a96b25258b0,cyclar_data_5,1776,471,2,0.9070658087730408,825,529,1293,971
0a96b25258b0,cyclar_data_5,1777,471,2,0.9004902839660645,814,528,1292,971
0a96b25258b0,cyclar_data_5,1778,471,2,0.8578172922134399,801,523,1292,969
0a96b25258b0,cyclar_data_5,1779,471,2,0.926784873008728,790,529,1293,968
0a96b25258b0,cyclar_data_5,1780,471,2,0.9137955904006958,783,535,1295,968
0a96b25258b0,cyclar_data_5,1781,471,2,0.8910378217697144,778,536,1296,966
0a96b25258b0,cyclar_data_5,1782,471,2,0.8829289078712463,776,522,1296,949
0a96b25258b0,cyclar_data_5,1783,471,2,0.8568899631500244,776,522,1296,914
0a96b25258b0,cyclar_data_5,1784,471,2,0.8789583444595337,778,503,1296,891
0a96b25258b0,cyclar_data_5,1785,471,2,0.9052311778068542,780,516,1296,886
0a96b25258b0,cyclar_data_5,1786,471,2,0.9003570079803467,782,528,1296,883
0a96b25258b0,cyclar_data_5,1787,471,2,0.9110819697380066,785,538,1283,878
0a96b25258b0,cyclar_data_5,1788,471,2,0.8548702001571655,786,541,1271,867
0a96b25258b0,cyclar_data_5,1789,471,2,0.8899861574172974,785,545,1248,858
0a96b25258b0,cyclar_data_5,1790,471,2,0.8604774475097656,785,548,1227,848
0a96b25258b0,cyclar_data_5,1791,471,2,0.8711534738540649,783,548,1210,837
0a96b25258b0,cyclar_data_5,1792,471,2,0.774593710899353,783,549,1192,826
0a96b25258b0,cyclar_data_5,1793,471,2,0.8202536702156067,783,553,1178,820
0a96b25258b0,cyclar_data_5,1794,471,2,0.8527334332466125,781,559,1159,818
